alpha,l1_ratio,n_selected_features,selected_features,MSE,RMSE,MAE,R2
0.005,1.0,0,[],0.01105282806154164,0.10513243106454659,0.07744249854503839,-0.008612060473100147
0.0045,0.95,0,[],0.01105282806154164,0.10513243106454659,0.07744249854503839,-0.008612060473100147
0.005,0.95,0,[],0.01105282806154164,0.10513243106454659,0.07744249854503839,-0.008612060473100147
0.0045,1.0,0,[],0.01105282806154164,0.10513243106454659,0.07744249854503839,-0.008612060473100147
0.005,0.9,0,[],0.01105282806154164,0.10513243106454659,0.07744249854503839,-0.008612060473100147
0.003,0.9,5,"['sma_5', 'sma_60', 'macd_hist', 'volatility_20', 'volume_ratio_20']",0.011059122983791733,0.1051623648640127,0.07745623116349595,-0.009186495763854108
0.0035,0.8,5,"['sma_5', 'sma_60', 'macd_hist', 'volatility_20', 'volume_ratio_20']",0.011059877536133756,0.10516595236165437,0.07745986610354652,-0.009255351498167919
0.003,0.95,5,"['sma_5', 'sma_60', 'macd_hist', 'volatility_20', 'volume_ratio_20']",0.01106095523198281,0.10517107602369964,0.07746655537670126,-0.009353695290799546
0.0045,0.9,1,['macd_hist'],0.011062058493788513,0.10517632097477318,0.07747901931192581,-0.00945437207296762
0.005,0.5,5,"['sma_5', 'sma_60', 'macd_hist', 'volatility_20', 'volume_ratio_20']",0.011062074141531915,0.1051763953628946,0.07746318797602039,-0.009455799988305369
0.0025,1.0,5,"['sma_5', 'sma_60', 'macd_hist', 'volatility_20', 'volume_ratio_20']",0.011062581937642093,0.10517880935645779,0.07746545823815429,-0.00950213828997204
0.003,0.8,6,"['gap', 'sma_5', 'sma_60', 'macd_hist', 'volatility_20', 'volume_ratio_20']",0.011064570518577047,0.1051882622661723,0.07747017923986163,-0.009683603766776239
0.0025,0.95,6,"['gap', 'sma_5', 'sma_60', 'macd_hist', 'volatility_20', 'volume_ratio_20']",0.011065363434783043,0.10519203123232787,0.07747271956374381,-0.009755960347721748
0.005,0.8,1,['macd_hist'],0.011065393218254732,0.10519217279938052,0.07749121720972674,-0.009758678201340798
0.004,1.0,1,['macd_hist'],0.01106540678999093,0.10519223730861003,0.07749126592839142,-0.009759916673226288
0.003,1.0,5,"['sma_5', 'sma_60', 'macd_hist', 'volatility_20', 'volume_ratio_20']",0.011066525720590907,0.10519755567783363,0.07748595391638996,-0.00986202329170327
0.0045,0.5,6,"['gap', 'sma_5', 'sma_60', 'macd_hist', 'volatility_20', 'volume_ratio_20']",0.011069542406988337,0.1052118928970881,0.07749573161694076,-0.010137307252167549
0.0025,0.9,6,"['gap', 'sma_5', 'sma_60', 'macd_hist', 'volatility_20', 'volume_ratio_20']",0.011070243772455744,0.10521522595354602,0.0774991538872349,-0.010201309484472842
0.0035,0.9,5,"['sma_5', 'sma_60', 'macd_hist', 'volatility_20', 'volume_ratio_20']",0.011075796784803965,0.10524161147000727,0.07753051151133895,-0.010708042711045085
0.004,0.8,5,"['sma_5', 'sma_60', 'macd_hist', 'volatility_20', 'volume_ratio_20']",0.01107967994732378,0.10526005865153117,0.07754799516530775,-0.011062395871019648
0.004,0.95,1,['macd_hist'],0.011080043506619576,0.10526178559486617,0.07754286306523658,-0.011095572021810662
0.004,0.5,6,"['gap', 'sma_5', 'sma_60', 'macd_hist', 'volatility_20', 'volume_ratio_20']",0.011086970739169952,0.10529468523705246,0.07756163619678487,-0.01172770800158962
0.0035,0.95,4,"['sma_5', 'sma_60', 'macd_hist', 'volume_ratio_20']",0.0110871730583966,0.10529564596124856,0.07757242076288516,-0.011746170390665611
0.0025,0.8,6,"['gap', 'sma_5', 'sma_60', 'macd_hist', 'volatility_20', 'volume_ratio_20']",0.011087823098734132,0.10529873265492863,0.07756482878690533,-0.011805489012160386
0.002,1.0,6,"['gap', 'sma_5', 'sma_60', 'macd_hist', 'volatility_20', 'volume_ratio_20']",0.011088119604131965,0.10530014057033336,0.07756594280583944,-0.011832546242996234
0.0045,0.8,1,['macd_hist'],0.011096672942734446,0.10534074683015326,0.0775968766700219,-0.01261307050554139
0.004,0.9,1,['macd_hist'],0.01109669940184518,0.10534087241828397,0.07759695768663605,-0.012615484998741211
0.0035,1.0,2,"['sma_5', 'macd_hist']",0.011097718186018962,0.10534570796201885,0.07760243439309397,-0.012708452879809817
0.002,0.95,6,"['gap', 'sma_5', 'sma_60', 'macd_hist', 'volatility_20', 'volume_ratio_20']",0.011098113705768749,0.10534758519191956,0.0775999593958196,-0.012744545542028751
0.002,0.9,6,"['gap', 'sma_5', 'sma_60', 'macd_hist', 'volatility_20', 'volume_ratio_20']",0.011109772443337038,0.10540290528888203,0.07765182058571768,-0.01380844911999013
0.0035,0.5,6,"['gap', 'sma_5', 'sma_60', 'macd_hist', 'volatility_20', 'volume_ratio_20']",0.011114923045517798,0.10542733538090489,0.07767749088163486,-0.014278460907859225
0.002,0.8,6,"['gap', 'sma_5', 'sma_60', 'macd_hist', 'volatility_20', 'volume_ratio_20']",0.011138058919367692,0.1055370026074632,0.077781152361095,-0.01638969626451714
0.003,0.5,7,"['intraday_return', 'gap', 'sma_5', 'sma_60', 'macd_hist', 'volatility_20', 'volume_ratio_20']",0.011153631829372644,0.1056107562200586,0.0778465948822865,-0.017810782773797884
0.0015,1.0,7,"['intraday_return', 'gap', 'sma_5', 'sma_60', 'macd_hist', 'volatility_20', 'volume_ratio_20']",0.011155524757177725,0.1056197176533706,0.07785421942322988,-0.017983519543353976
0.0015,0.95,7,"['intraday_return', 'gap', 'sma_5', 'sma_60', 'macd_hist', 'volatility_20', 'volume_ratio_20']",0.011169576814268514,0.10568621865819836,0.07790951472582915,-0.019265822513897968
0.0015,0.9,8,"['intraday_return', 'gap', 'sma_5', 'sma_60', 'macd_hist', 'volatility_20', 'atr_14', 'volume_ratio_20']",0.011191560570047552,0.10579017236987352,0.077984901607977,-0.02127192277075296
0.0025,0.5,8,"['intraday_return', 'gap', 'sma_5', 'sma_60', 'macd_hist', 'volatility_20', 'atr_14', 'volume_ratio_20']",0.01127962604703366,0.1062055838787851,0.078242367336538,-0.029308228203619224
0.0015,0.8,8,"['intraday_return', 'gap', 'sma_5', 'sma_60', 'macd_hist', 'volatility_20', 'atr_14', 'volume_ratio_20']",0.011337256614264093,0.10647655429372277,0.07841375317059925,-0.03456723384786464
0.005,0.2,7,"['intraday_return', 'gap', 'sma_60', 'macd_hist', 'volatility_20', 'atr_14', 'volume_ratio_20']",0.011547907267933623,0.10746118958923553,0.07896320807719528,-0.05378989692148117
0.002,0.5,7,"['intraday_return', 'gap', 'sma_60', 'macd_hist', 'volatility_20', 'atr_14', 'volume_ratio_20']",0.011565575943444272,0.10754336773341382,0.07901288207288185,-0.05540222990209043
0.001,1.0,7,"['intraday_return', 'gap', 'sma_60', 'macd_hist', 'volatility_20', 'atr_14', 'volume_ratio_20']",0.011571839289499074,0.10757248388644317,0.07903024065386297,-0.055973783746465555
0.001,0.95,7,"['intraday_return', 'gap', 'sma_60', 'macd_hist', 'volatility_20', 'atr_14', 'volume_ratio_20']",0.011631086399411907,0.10784751457225107,0.0792034503452105,-0.061380304980083844
0.0045,0.2,7,"['intraday_return', 'gap', 'sma_60', 'macd_hist', 'volatility_20', 'atr_14', 'volume_ratio_20']",0.011666203070833658,0.10801019892044296,0.07930802331766812,-0.06458483309926177
0.001,0.9,7,"['intraday_return', 'gap', 'sma_60', 'macd_hist', 'volatility_20', 'atr_14', 'volume_ratio_20']",0.011693566193244511,0.10813679389201675,0.07937907306732808,-0.06708182075908242
0.004,0.2,10,"['intraday_return', 'high_low_range', 'gap', 'sma_60', 'rsi_14', 'macd_hist', 'volatility_5', 'volatility_20', 'atr_14', 'volume_ratio_20']",0.011797134128237394,0.10861461286694987,0.07964922032590965,-0.076532783691871
0.001,0.8,9,"['intraday_return', 'high_low_range', 'gap', 'sma_60', 'macd_hist', 'volatility_5', 'volatility_20', 'atr_14', 'volume_ratio_20']",0.011829859614587174,0.1087651580911239,0.07972732600474335,-0.07951910719509159
0.0015,0.5,10,"['intraday_return', 'high_low_range', 'gap', 'sma_60', 'rsi_14', 'macd_hist', 'volatility_5', 'volatility_20', 'atr_14', 'volume_ratio_20']",0.0118831317687269,0.10900977831702484,0.07984183722170066,-0.08438039128035335
0.0035,0.2,11,"['intraday_return', 'high_low_range', 'gap', 'sma_60', 'rsi_14', 'macd_hist', 'volatility_5', 'volatility_20', 'atr_14', 'volume_change_1d', 'volume_ratio_20']",0.011910104094788211,0.1091334233623605,0.07989267115857557,-0.08684171730596213
0.003,0.2,11,"['intraday_return', 'high_low_range', 'gap', 'price_to_sma_5', 'rsi_14', 'macd_hist', 'volatility_5', 'volatility_20', 'atr_14', 'volume_change_1d', 'volume_ratio_20']",0.012035702891347108,0.10970735112720162,0.08014979688373826,-0.0983030790755346
0.0025,0.2,11,"['intraday_return', 'high_low_range', 'gap', 'price_to_sma_5', 'rsi_14', 'macd_hist', 'volatility_5', 'volatility_20', 'atr_14', 'volume_change_1d', 'volume_ratio_20']",0.012111785182510262,0.11005355597394507,0.0803010782050369,-0.10524587380900119
0.001,0.5,11,"['intraday_return', 'high_low_range', 'gap', 'price_to_sma_5', 'rsi_14', 'macd_hist', 'volatility_5', 'volatility_20', 'atr_14', 'volume_change_1d', 'volume_ratio_20']",0.012120520964565212,0.11009323759688971,0.08032101642092018,-0.10604304672160136
0.0005,1.0,11,"['intraday_return', 'high_low_range', 'gap', 'price_to_sma_5', 'rsi_14', 'macd_hist', 'volatility_5', 'volatility_20', 'atr_14', 'volume_change_1d', 'volume_ratio_20']",0.012123444626884382,0.11010651491571415,0.08032766227104289,-0.10630984188564852
0.0005,0.95,12,"['intraday_return', 'high_low_range', 'gap', 'price_to_sma_5', 'price_to_sma_60', 'rsi_14', 'macd_hist', 'volatility_5', 'volatility_20', 'atr_14', 'volume_change_1d', 'volume_ratio_20']",0.01214327330998945,0.11019652131528222,0.08035990911272763,-0.10811928366939072
0.0005,0.9,12,"['intraday_return', 'high_low_range', 'gap', 'price_to_sma_5', 'price_to_sma_60', 'rsi_14', 'macd_hist', 'volatility_5', 'volatility_20', 'atr_14', 'volume_change_1d', 'volume_ratio_20']",0.012163877194016823,0.11028996869170297,0.08039264657210372,-0.10999946544792638
0.002,0.2,12,"['intraday_return', 'high_low_range', 'gap', 'price_to_sma_5', 'price_to_sma_60', 'rsi_14', 'macd_hist', 'volatility_5', 'volatility_20', 'atr_14', 'volume_change_1d', 'volume_ratio_20']",0.012197946312377184,0.11044431317354997,0.08044644215085019,-0.11310840041702352
0.0005,0.8,12,"['intraday_return', 'high_low_range', 'gap', 'price_to_sma_5', 'price_to_sma_60', 'rsi_14', 'macd_hist', 'volatility_5', 'volatility_20', 'atr_14', 'volume_change_1d', 'volume_ratio_20']",0.012207103826972642,0.11048576300579474,0.0804660904006235,-0.1139440580074167
0.0015,0.2,16,"['return_5d', 'return_10d', 'intraday_return', 'high_low_range', 'gap', 'price_to_sma_5', 'price_to_sma_20', 'price_to_sma_60', 'rsi_14', 'roc_10', 'macd_hist', 'volatility_5', 'volatility_20', 'atr_14', 'volume_change_1d', 'volume_ratio_20']",0.012388316435172903,0.11130281413860524,0.08079470828040754,-0.1304803889014554
0.0005,0.5,15,"['return_5d', 'return_10d', 'intraday_return', 'high_low_range', 'gap', 'price_to_sma_5', 'price_to_sma_20', 'price_to_sma_60', 'rsi_14', 'macd_hist', 'volatility_5', 'volatility_20', 'atr_14', 'volume_change_1d', 'volume_ratio_20']",0.012526463755981867,0.11192168581638622,0.08105059939916438,-0.14308685062456794
0.001,0.2,19,"['return_5d', 'return_10d', 'return_20d', 'intraday_return', 'high_low_range', 'gap', 'price_to_sma_5', 'price_to_sma_20', 'price_to_sma_60', 'rsi_14', 'roc_20', 'macd', 'macd_hist', 'volatility_5', 'volatility_20', 'atr_14', 'volume_change_1d', 'volume_sma_20', 'volume_ratio_20']",0.012692433031812191,0.11266069870106518,0.0813296213445264,-0.15823217020598035
0.0005,0.2,19,"['return_5d', 'return_20d', 'intraday_return', 'high_low_range', 'gap', 'sma_5', 'sma_20', 'price_to_sma_5', 'price_to_sma_20', 'price_to_sma_60', 'rsi_14', 'roc_10', 'roc_20', 'macd_hist', 'volatility_5', 'volatility_20', 'atr_14', 'volume_change_1d', 'volume_ratio_20']",0.014279539225131503,0.11949702600956855,0.08422138822405738,-0.3030615694258334
