stock_code,n_bars,reg_day,first_stored,bars_before_listing,first_bar,last_bar,missing_trading_days,longest_missing_run,first_missing,nonpositive_price,ohlc_violation,zero_volume_days,limit_breaches,limit_breach_dates,name,in_top50
005930,5900,1975-06-11,1985-01-04,0,2002-10-29,2026-09-23,0,0,,0,0,3,0,,삼성전자,True
000660,5900,1996-12-26,1996-12-26,0,2002-10-29,2026-09-23,0,0,,0,0,12,0,,SK하이닉스,True
402340,1180,2021-11-29,2021-11-29,0,2021-11-29,2026-09-23,0,0,,0,0,0,0,,SK스퀘어,True
009150,5900,1979-02-27,1985-01-04,0,2002-10-29,2026-09-23,0,0,,0,0,0,0,,삼성전기,True
373220,1138,2022-01-27,2022-01-27,0,2022-01-27,2026-09-23,0,0,,0,0,0,0,,LG에너지솔루션,True
005380,5900,1974-06-28,1985-01-04,0,2002-10-29,2026-09-23,0,0,,0,0,0,0,,현대차,True
207940,2421,2016-11-10,2016-11-10,0,2016-11-10,2026-09-23,0,0,,0,0,35,0,,삼성바이오로직스,True
105560,4428,2008-10-10,2008-10-10,0,2008-10-10,2026-09-23,0,0,,0,0,0,0,,KB금융,True
032830,4029,2010-05-12,2010-05-12,0,2010-05-12,2026-09-23,0,0,,0,0,0,0,,삼성생명,True
028260,2887,2014-12-18,2014-12-18,0,2014-12-18,2026-09-23,0,0,,0,0,0,0,,삼성물산,True
012450,5900,1987-05-27,1987-05-27,0,2002-10-29,2026-09-23,0,0,,0,0,34,0,,한화에어로스페이스,True
034020,5900,2000-10-25,2000-10-25,0,2002-10-29,2026-09-23,0,0,,0,0,0,0,,두산에너빌리티,True
055550,5900,2001-09-10,2001-09-10,0,2002-10-29,2026-09-23,0,0,,0,0,0,0,,신한지주,True
329180,1226,2021-09-17,2021-09-17,0,2021-09-17,2026-09-23,0,0,,0,0,0,0,,HD현대중공업,True
000270,5900,1973-07-21,1985-01-04,0,2002-10-29,2026-09-23,0,0,,0,0,0,0,,기아,True
006400,5900,1979-02-27,1985-01-04,0,2002-10-29,2026-09-23,0,0,,0,0,0,0,,삼성SDI,True
068270,5227,2018-02-09,2005-07-19,3113,2005-07-19,2026-09-23,0,0,,0,0,17,0,,셀트리온,True
034730,4153,2009-11-11,2009-11-11,0,2009-11-11,2026-09-23,0,0,,0,0,0,0,,SK,True
086790,5126,2005-12-12,2005-12-12,0,2005-12-12,2026-09-23,0,0,,0,0,0,0,,하나금융지주,True
066570,5900,2002-04-22,2002-04-22,0,2002-10-29,2026-09-23,0,0,,0,0,0,0,,LG전자,True
012330,5900,1989-09-05,1989-09-05,0,2002-10-29,2026-09-23,0,0,,0,0,0,0,,현대모비스,True
010120,5900,1994-07-11,1994-07-11,0,2002-10-29,2026-09-23,0,0,,0,0,17,0,,LS ELECTRIC,True
035420,5900,2008-11-28,2002-10-29,1507,2002-10-29,2026-09-23,0,0,,0,0,24,1,2013-08-29,NAVER,True
000810,5900,1975-06-30,1985-01-04,0,2002-10-29,2026-09-23,0,0,,0,0,0,0,,삼성화재,True
298040,2012,2018-07-13,2018-07-13,0,2018-07-13,2026-09-23,0,0,,0,0,0,0,,효성중공업,True
042700,5224,2005-07-22,2005-07-22,0,2005-07-22,2026-09-23,0,0,,0,0,20,0,,한미반도체,True
096770,4725,2007-07-25,2007-07-25,0,2007-07-25,2026-09-23,0,0,,0,0,0,0,,SK이노베이션,True
316140,1871,2019-02-13,2019-02-13,0,2019-02-13,2026-09-23,0,0,,0,0,0,0,,우리금융지주,True
005490,5900,1988-06-10,1988-06-10,0,2002-10-29,2026-09-23,0,0,,0,0,0,0,,POSCO홀딩스,True
267260,2300,2017-05-10,2017-05-10,0,2017-05-10,2026-09-23,0,0,,0,0,0,0,,HD현대일렉트릭,True
042660,5900,2001-02-02,2001-02-02,0,2002-10-29,2026-09-23,0,0,,0,0,315,0,,한화오션,True
009540,5900,1999-08-24,1996-07-01,891,2002-10-29,2026-09-23,0,0,,0,0,25,0,,HD한국조선해양,True
010130,5900,1990-07-28,1990-10-24,0,2002-10-29,2026-09-23,0,0,,0,0,0,0,,고려아연,True
000150,5900,1973-06-29,1985-01-04,0,2002-10-29,2026-09-23,0,0,,0,0,14,0,,두산,True
138040,3779,2011-05-13,2011-05-13,0,2011-05-13,2026-09-23,0,0,,0,0,0,0,,메리츠금융지주,True
011200,5900,1995-10-05,1995-10-05,0,2002-10-29,2026-09-23,0,0,,0,0,25,0,,HMM,True
015760,5900,1989-08-10,1989-08-10,0,2002-10-29,2026-09-23,0,0,,0,0,0,0,,한국전력,True
017670,5900,1989-11-07,1989-11-07,0,2002-10-29,2026-09-23,0,0,,0,0,24,0,,SK텔레콤,True
010950,5900,1987-05-27,1987-05-27,0,2002-10-29,2026-09-23,0,0,,0,0,1,0,,S-Oil,True
051910,5900,2001-04-25,2001-04-25,0,2002-10-29,2026-09-23,0,0,,0,0,15,1,2009-04-20,LG화학,True
033780,5900,1999-10-08,1999-10-08,0,2002-10-29,2026-09-23,0,0,,0,0,0,0,,KT&G,True
010140,5900,1994-01-28,1994-01-28,0,2002-10-29,2026-09-23,0,0,,0,0,12,0,,삼성중공업,True
006800,5900,1975-09-30,1985-01-04,0,2002-10-29,2026-09-23,0,0,,0,0,0,0,,미래에셋증권,True
018260,2965,2014-11-14,2014-08-25,54,2014-08-25,2026-09-23,0,0,,0,0,0,1,2014-08-26,삼성에스디에스,True
003550,5900,1970-02-13,1985-01-04,0,2002-10-29,2026-09-23,0,0,,0,0,45,0,,LG,True
079550,2693,2015-10-02,2015-10-02,0,2015-10-02,2026-09-23,0,0,,0,0,0,0,,LIG디펜스앤에어로스페이스,True
003670,5900,2019-05-29,2001-11-01,4343,2002-10-29,2026-09-23,0,0,,0,0,11,0,,포스코퓨처엠,True
024110,5900,2003-12-24,1996-07-01,1954,2002-10-29,2026-09-23,0,0,,0,0,0,0,,기업은행,True
267250,2300,2017-05-10,2017-05-10,0,2017-05-10,2026-09-23,0,0,,0,0,3,0,,HD현대,True
272210,1685,2019-11-13,2019-11-13,0,2019-11-13,2026-09-23,0,0,,0,0,0,0,,한화시스템,False
086280,5116,2005-12-26,2005-12-26,0,2005-12-26,2026-09-23,0,0,,0,0,0,0,,현대글로비스,True
035720,5900,2017-07-10,1999-11-11,4364,2002-10-29,2026-09-23,0,0,,0,0,18,0,,카카오,False
278470,627,2024-02-27,2024-02-27,0,2024-02-27,2026-09-23,0,0,,0,0,9,0,,에이피알,False
011070,4481,2008-07-24,2008-07-24,0,2008-07-24,2026-09-23,0,0,,0,0,0,0,,LG이노텍,False
030200,5900,1998-12-23,1998-12-23,0,2002-10-29,2026-09-23,0,0,,0,0,0,0,,KT,False
047810,3746,2011-06-30,2011-06-30,0,2011-06-30,2026-09-23,0,0,,0,0,5,0,,한국항공우주,False
000720,5900,1984-12-22,1985-01-04,0,2002-10-29,2026-09-23,0,0,,0,0,9,0,,현대건설,False
064350,3167,2013-10-30,2013-10-30,0,2013-10-30,2026-09-23,0,0,,0,0,0,0,,현대로템,False
005830,5900,1973-06-28,1985-01-04,0,2002-10-29,2026-09-23,0,0,,0,0,0,0,,DB손해보험,False
003490,5900,1966-03-18,1985-01-04,0,2002-10-29,2026-09-23,0,0,,0,0,33,1,2013-09-16,대한항공,False
307950,1841,2019-03-28,2019-03-28,0,2019-03-28,2026-09-23,0,0,,0,0,0,0,,현대오토에버,False
443060,580,2024-05-08,2024-05-08,0,2024-05-08,2026-09-23,0,0,,0,0,0,0,,HD현대마린솔루션,False
071050,5721,2003-07-21,2003-07-21,0,2003-07-21,2026-09-23,0,0,,0,0,0,0,,한국금융지주,False
047050,5900,2001-03-23,2001-03-23,0,2002-10-29,2026-09-23,0,0,,0,0,0,0,,포스코인터내셔널,False
005940,5900,1975-09-30,1985-01-04,0,2002-10-29,2026-09-23,0,0,,0,0,0,0,,NH투자증권,False
078930,5464,2004-08-05,2004-08-05,0,2004-08-05,2026-09-23,0,0,,0,0,0,0,,GS,False
323410,1255,2021-08-06,2021-08-06,0,2021-08-06,2026-09-23,0,0,,0,0,0,0,,카카오뱅크,False
028050,5900,1996-12-24,1996-12-24,0,2002-10-29,2026-09-23,0,0,,0,0,10,0,,삼성E&A,False
006260,5900,1977-06-30,1985-01-04,0,2002-10-29,2026-09-23,0,0,,0,0,0,0,,LS,False
259960,1253,2021-08-10,2021-08-10,0,2021-08-10,2026-09-23,0,0,,0,0,0,0,,크래프톤,False
003230,5900,1975-06-30,1985-01-04,0,2002-10-29,2026-09-23,0,0,,0,0,5,0,,삼양식품,False
0126Z0,205,2025-11-24,2025-11-24,0,2025-11-24,2026-09-23,0,0,,0,0,0,0,,삼성에피스홀딩스,False
007660,5900,2003-10-07,2000-08-22,763,2002-10-29,2026-09-23,0,0,,0,0,0,0,,이수페타시스,False
180640,3194,2013-09-16,2013-09-16,0,2013-09-16,2026-09-23,0,0,,0,0,0,0,,한진칼,False
009830,5900,1974-06-19,1985-01-04,0,2002-10-29,2026-09-23,0,0,,0,0,23,0,,한화솔루션,False
016360,5900,1988-03-28,1988-03-28,0,2002-10-29,2026-09-23,0,0,,0,0,0,0,,삼성증권,False
090430,4990,2006-06-29,2006-06-29,0,2006-06-29,2026-09-23,0,0,,0,0,10,0,,아모레퍼시픽,False
161390,3431,2012-10-04,2012-10-04,0,2012-10-04,2026-09-23,0,0,,0,0,0,0,,한국타이어앤테크놀로지,False
047040,5900,2001-03-23,2001-03-23,0,2002-10-29,2026-09-23,0,0,,0,0,20,0,,대우건설,False
021240,5900,2001-08-07,1996-09-02,1316,2002-10-29,2026-09-23,0,0,,0,0,0,0,,코웨이,False
064400,401,2025-02-05,2025-02-05,0,2025-02-05,2026-09-23,0,0,,0,0,0,0,,LG씨엔에스,False
062040,524,2024-07-29,2024-07-29,0,2024-07-29,2026-09-23,0,0,,0,0,0,0,,산일전기,False
000880,5900,1976-06-24,1985-01-04,0,2002-10-29,2026-09-23,0,0,,0,0,18,0,,한화,False
039490,5536,2009-08-03,2004-04-23,1312,2004-04-23,2026-09-23,0,0,,0,0,0,0,,키움증권,False
352820,1458,2020-10-15,2020-10-15,0,2020-10-15,2026-09-23,0,0,,0,0,0,0,,하이브,False
128940,3974,2010-07-30,2010-07-30,0,2010-07-30,2026-09-23,0,0,,0,0,0,0,,한미약품,False
032640,5900,2008-04-21,2000-09-21,1869,2002-10-29,2026-09-23,0,0,,0,0,0,0,,LG유플러스,False
001440,5900,1968-12-27,1985-01-04,0,2002-10-29,2026-09-23,0,0,,0,0,282,2,2012-11-08 2015-12-08,대한전선,False
000990,5900,1975-12-12,1985-01-04,0,2002-10-29,2026-09-23,0,0,,0,0,0,0,,DB하이텍,False
326030,1528,2020-07-02,2020-07-02,0,2020-07-02,2026-09-23,0,0,,0,0,0,0,,SK바이오팜,False
267270,2300,2017-05-10,2017-05-10,0,2017-05-10,2026-09-23,0,0,,0,0,0,0,,HD건설기계,False
000100,5900,1962-11-01,1985-01-04,0,2002-10-29,2026-09-23,0,0,,0,0,3,0,,유한양행,False
377300,1198,2021-11-03,2021-11-03,0,2021-11-03,2026-09-23,0,0,,0,0,2,0,,카카오페이,False
175330,3235,2013-07-18,2013-07-18,0,2013-07-18,2026-09-23,0,0,,0,0,0,0,,JB금융지주,False
241560,2415,2016-11-18,2016-11-18,0,2016-11-18,2026-09-23,0,0,,0,0,0,0,,두산밥캣,False
011790,5900,1997-07-18,1997-07-18,0,2002-10-29,2026-09-23,0,0,,0,0,11,0,,SKC,False
036570,5900,2003-05-22,2000-07-11,700,2002-10-29,2026-09-23,0,0,,0,0,0,0,,NC,False
138930,3809,2011-03-30,2011-03-30,0,2011-03-30,2026-09-23,0,0,,0,0,0,0,,BNK금융지주,False
029780,4744,2007-06-27,2007-06-27,0,2007-06-27,2026-09-23,0,0,,0,0,0,0,,삼성카드,False
052690,4130,2009-12-14,2009-12-14,0,2009-12-14,2026-09-23,0,0,,0,0,0,0,,한전기술,False
454910,724,2023-10-05,2023-10-05,0,2023-10-05,2026-09-23,0,0,,0,0,0,0,,두산로보틱스,False
066970,5857,2024-01-29,2003-01-02,5211,2003-01-02,2026-09-23,0,0,,0,0,0,0,,엘앤에프,False
088350,4068,2010-03-17,2010-03-17,0,2010-03-17,2026-09-23,0,0,,0,0,0,0,,한화생명,False
010060,5900,1985-07-09,1985-07-09,0,2002-10-29,2026-09-23,0,0,,0,0,20,0,,OCI홀딩스,False
034220,5473,2004-07-23,2004-07-23,0,2004-07-23,2026-09-23,0,0,,0,0,0,0,,LG디스플레이,False
271560,2259,2017-07-07,2017-07-07,0,2017-07-07,2026-09-23,0,0,,0,0,0,0,,오리온,False
051900,5900,2001-04-25,2001-04-25,0,2002-10-29,2026-09-23,0,0,,0,0,0,0,,LG생활건강,False
001450,5900,1989-08-25,1989-08-25,0,2002-10-29,2026-09-23,0,0,,0,0,4,0,,현대해상,False
002380,5900,1973-06-25,1985-01-04,0,2002-10-29,2026-09-23,0,0,,0,0,16,0,,KCC,False
082740,3866,2011-01-04,2011-01-04,0,2011-01-04,2026-09-23,0,0,,0,0,10,0,,한화엔진,False
004020,5900,1987-05-23,1987-05-23,0,2002-10-29,2026-09-23,0,0,,0,0,0,0,,현대제철,False
018880,5900,1996-07-31,1996-07-31,0,2002-10-29,2026-09-23,0,0,,0,0,18,0,,한온시스템,False
001040,5900,1973-06-29,1985-01-04,0,2002-10-29,2026-09-23,0,0,,0,0,18,1,2007-09-28,CJ,False
008930,5900,1988-06-20,1988-06-20,0,2002-10-29,2026-09-23,0,0,,0,0,36,1,2010-07-30,한미사이언스,False
028670,4684,2007-09-21,2007-09-21,0,2007-09-21,2026-09-23,0,0,,0,0,83,1,2014-01-24,팬오션,False
036460,5900,1999-12-15,1999-12-15,0,2002-10-29,2026-09-23,0,0,,0,0,0,0,,한국가스공사,False
161890,3420,2012-10-19,2012-10-19,0,2012-10-19,2026-09-23,0,0,,0,0,0,0,,한국콜마,False
012750,5900,1996-01-30,1996-01-30,0,2002-10-29,2026-09-23,0,0,,0,0,0,0,,에스원,False
022100,5900,2024-01-02,2000-11-28,5702,2002-10-29,2026-09-23,0,0,,0,0,4,0,,포스코DX,False
004170,5900,1985-08-19,1985-08-19,0,2002-10-29,2026-09-23,0,0,,0,0,28,1,2011-06-10,신세계,False
192820,3059,2014-04-07,2014-04-07,0,2014-04-07,2026-09-23,0,0,,0,0,0,0,,코스맥스,False
035250,5900,2003-09-04,2001-10-25,458,2002-10-29,2026-09-23,0,0,,0,0,3,0,,강원랜드,False
014680,5900,1989-05-20,1989-05-22,0,2002-10-29,2026-09-23,0,0,,0,0,0,0,,한솔케미칼,False
111770,4226,2009-07-30,2009-07-30,0,2009-07-30,2026-09-23,0,0,,0,0,0,0,,영원무역,False
139130,3763,2011-06-07,2011-06-07,0,2011-06-07,2026-09-23,0,0,,0,0,0,0,,iM금융지주,False
011780,5900,1988-01-22,1988-01-22,0,2002-10-29,2026-09-23,0,0,,0,0,3,0,,금호석유화학,False
007340,5900,1988-09-24,1988-09-24,0,2002-10-29,2026-09-23,0,0,,0,0,48,0,,DN오토모티브,False
251270,2298,2017-05-12,2017-05-12,0,2017-05-12,2026-09-23,0,0,,0,0,0,0,,넷마블,False
375500,1389,2021-01-25,2021-01-25,0,2021-01-25,2026-09-23,0,0,,0,0,0,0,,DL이앤씨,False
023530,5085,2006-02-09,2006-02-09,0,2006-02-09,2026-09-23,0,0,,0,0,16,0,,롯데쇼핑,False
302440,1354,2021-03-18,2021-03-18,0,2021-03-18,2026-09-23,0,0,,0,0,0,0,,SK바이오사이언스,False
017800,5900,1996-07-03,1996-07-03,0,2002-10-29,2026-09-23,0,0,,0,0,2,0,,현대엘리베이터,False
026960,5900,2016-07-15,1996-07-01,5068,2002-10-29,2026-09-23,0,0,,0,0,6,0,,동서,False
450080,694,2023-11-17,2023-11-17,0,2023-11-17,2026-09-23,0,0,,0,0,0,0,,에코프로머티,False
097950,4682,2007-09-28,2007-09-28,0,2007-09-28,2026-09-23,0,0,,0,0,0,0,,CJ제일제당,False
383220,1310,2021-05-21,2021-05-21,0,2021-05-21,2026-09-23,0,0,,0,0,3,0,,F&F,False
011170,5900,1991-05-30,1991-05-30,0,2002-10-29,2026-09-23,0,0,,0,0,0,0,,롯데케미칼,False
457190,809,2023-05-31,2023-05-31,0,2023-05-31,2026-09-23,0,0,,0,0,8,0,,이수스페셜티케미컬,False
004370,5900,1976-06-30,1985-01-05,0,2002-10-29,2026-09-23,0,0,,0,0,22,0,,농심,False
005850,5900,1988-11-08,1988-11-08,0,2002-10-29,2026-09-23,0,0,,0,0,34,0,,에스엘,False
009420,5900,1989-12-18,1989-12-18,0,2002-10-29,2026-09-23,0,0,,0,0,7,0,,한올바이오파마,False
000240,5900,1968-12-27,1985-01-04,0,2002-10-29,2026-09-23,0,0,,0,0,23,1,2012-10-04,한국앤컴퍼니,False
004990,5900,1974-02-16,1985-01-04,0,2002-10-29,2026-09-23,0,0,,0,0,36,0,,롯데지주,False
112610,2902,2014-11-27,2014-11-27,0,2014-11-27,2026-09-23,0,0,,0,0,0,0,,씨에스윈드,False
483650,329,2025-05-22,2025-05-22,0,2025-05-22,2026-09-23,0,0,,0,0,0,0,,달바글로벌,False
204320,2939,2014-10-06,2014-10-06,0,2014-10-06,2026-09-23,0,0,,0,0,3,0,,HL만도,False
103140,4477,2008-07-30,2008-07-30,0,2008-07-30,2026-09-23,0,0,,0,0,0,0,,풍산,False
282330,2156,2017-12-08,2017-12-08,0,2017-12-08,2026-09-23,0,0,,0,0,0,0,,BGF리테일,False
030000,5900,1998-03-03,1998-03-03,0,2002-10-29,2026-09-23,0,0,,0,0,11,0,,제일기획,False
009970,5900,1988-11-07,1988-11-07,0,2002-10-29,2026-09-23,0,0,,0,0,23,0,,영원무역홀딩스,False
081660,3935,2010-09-28,2010-09-28,0,2010-09-28,2026-09-23,0,0,,0,0,3,0,,미스토홀딩스,False
051600,4628,2007-12-14,2007-12-14,0,2007-12-14,2026-09-23,0,0,,0,0,0,0,,한전KPS,False
139480,3760,2011-06-10,2011-06-10,0,2011-06-10,2026-09-23,0,0,,0,0,0,0,,이마트,False
073240,5331,2005-02-17,2005-02-17,0,2005-02-17,2026-09-23,0,0,,0,0,15,0,,금호타이어,False
002790,5900,1973-04-30,1985-01-04,0,2002-10-29,2026-09-23,0,0,,0,0,32,1,2006-06-29,아모레퍼시픽홀딩스,False
069960,5881,2002-11-25,2002-11-25,0,2002-11-25,2026-09-23,0,0,,0,0,0,0,,현대백화점,False
007070,3624,2011-12-23,2011-12-23,0,2011-12-23,2026-09-23,0,0,,0,0,17,0,,GS리테일,False
093370,4869,2006-12-22,2006-12-22,0,2006-12-22,2026-09-23,0,0,,0,0,0,0,,후성,False
120110,4098,2010-02-01,2010-02-01,0,2010-02-01,2026-09-23,0,0,,0,0,0,0,,코오롱인더,False
001430,5900,1991-03-12,1991-03-12,0,2002-10-29,2026-09-23,0,0,,0,0,12,0,,세아베스틸지주,False
071970,4280,2009-05-15,2009-05-15,0,2009-05-15,2026-09-23,0,0,,0,0,366,0,,HD현대마린엔진,False
000120,5900,1956-07-02,1985-01-04,0,2002-10-29,2026-09-23,0,0,,0,0,17,1,2009-05-15,CJ대한통운,False
006040,5900,1989-03-07,1989-03-08,0,2002-10-29,2026-09-23,0,0,,0,0,22,0,,동원산업,False
008770,5900,1991-03-12,1991-03-12,0,2002-10-29,2026-09-23,0,0,,0,0,1,0,,호텔신라,False
006280,5900,1989-08-01,1989-08-02,0,2002-10-29,2026-09-23,0,0,,0,0,4,0,,녹십자,False
361610,1317,2021-05-11,2021-05-11,0,2021-05-11,2026-09-23,0,0,,0,0,0,0,,SK아이이테크놀로지,False
011210,3835,2011-02-21,2011-02-21,0,2011-02-21,2026-09-23,0,0,,0,0,0,0,,현대위아,False
001800,5900,1975-06-27,1985-01-04,0,2002-10-29,2026-09-23,0,0,,0,0,27,0,,오리온홀딩스,False
007310,5900,1994-08-12,1994-08-12,0,2002-10-29,2026-09-23,0,0,,0,0,0,0,,오뚜기,False
069620,5897,2002-11-01,2002-11-01,0,2002-11-01,2026-09-23,0,0,,0,0,0,0,,대웅제약,False
192080,2671,2019-03-12,2015-11-04,818,2015-11-04,2026-09-23,0,0,,0,0,0,0,,더블유게임즈,False
298020,2012,2018-07-13,2018-07-13,0,2018-07-13,2026-09-23,0,0,,0,0,0,0,,효성티앤씨,False
300720,1996,2018-08-06,2018-08-06,0,2018-08-06,2026-09-23,0,0,,0,0,3,0,,한일시멘트,False
004000,5900,1976-04-15,1985-01-04,0,2002-10-29,2026-09-23,0,0,,0,0,0,0,,롯데정밀화학,False
280360,2185,2017-10-30,2017-10-30,0,2017-10-30,2026-09-23,0,0,,0,0,0,0,,롯데웰푸드,False
017960,5900,1995-07-08,1995-07-10,0,2002-10-29,2026-09-23,0,0,,0,0,0,0,,한국카본,False
000080,4170,2009-10-19,2009-10-19,0,2009-10-19,2026-09-23,0,0,,0,0,0,0,,하이트진로,False
000210,5900,1976-02-02,1985-01-04,0,2002-10-29,2026-09-23,0,0,,0,0,17,0,,DL,False
003240,5900,1975-12-27,1991-11-14,0,2002-10-29,2026-09-23,0,0,,0,0,2,0,,태광산업,False
009240,5900,2002-07-16,2002-07-16,0,2002-10-29,2026-09-23,0,0,,0,0,0,0,,한샘,False
071320,4099,2010-01-29,2010-01-29,0,2010-01-29,2026-09-23,0,0,,0,0,0,0,,지역난방공사,False
185750,3140,2013-12-06,2013-12-06,0,2013-12-06,2026-09-23,0,0,,0,0,0,0,,종근당,False
285130,2139,2018-01-05,2018-01-05,0,2018-01-05,2026-09-23,0,0,,0,0,0,0,,SK케미칼,False
003090,5900,1973-06-26,1985-01-04,0,2002-10-29,2026-09-23,0,0,,0,0,21,0,,대웅,False
005300,5900,1973-06-21,1985-01-04,0,2002-10-29,2026-09-23,0,0,,0,0,21,0,,롯데칠성,False
034230,5895,2024-06-24,2002-11-05,5346,2002-11-05,2026-09-23,0,0,,0,0,0,0,,파라다이스,False
137310,1270,2021-07-16,2021-07-16,0,2021-07-16,2026-09-23,0,0,,0,0,0,0,,에스디바이오센서,False
000670,5900,1976-06-12,1985-01-04,0,2002-10-29,2026-09-23,0,0,,0,0,238,0,,영풍,False
298050,2012,2018-07-13,2018-07-13,0,2018-07-13,2026-09-23,0,0,,0,0,0,0,,HS효성첨단소재,False
456040,810,2023-05-30,2023-05-30,0,2023-05-30,2026-09-23,0,0,,0,0,0,0,,OCI,False
069260,5900,2002-10-07,2002-10-07,0,2002-10-29,2026-09-23,0,0,,0,0,0,0,,TKG휴켐스,False
268280,2292,2017-05-22,2017-05-22,0,2017-05-22,2026-09-23,0,0,,0,0,0,0,,미원에스씨,False
014820,5900,1994-03-29,1994-03-29,0,2002-10-29,2026-09-23,0,0,,0,0,20,0,,동원시스템즈,False
001680,5900,1970-04-01,1985-01-04,0,2002-10-29,2026-09-23,0,0,,0,0,13,1,2005-08-05,대상,False
002840,5900,1989-09-25,1989-09-25,0,2002-10-29,2026-09-23,0,0,,0,0,185,1,2011-02-15,미원상사,False
006650,5900,1999-08-11,1999-08-11,0,2002-10-29,2026-09-23,0,0,,0,0,0,0,,대한유화,False
0220W0,22,2026-08-25,2026-08-25,0,2026-08-25,2026-09-23,0,0,,0,0,0,0,,한화머시너리앤서비스홀딩스,False
003030,5900,1969-05-13,1985-01-04,0,2002-10-29,2026-09-23,0,0,,0,0,22,0,,세아제강지주,False
005420,5900,1987-07-23,1987-07-23,0,2002-10-29,2026-09-23,0,0,,0,0,30,0,,코스모화학,False
002030,5900,1974-06-03,1985-01-04,0,2002-10-29,2026-09-23,0,0,,0,0,26,1,2013-11-06,아세아,False
