date,ret_open30,ret_mid,ret_late,ret_auction,ret_intraday,rv_intraday,range_pct,close_loc,vwap_dev,up_bar_ratio,vshare_open30,vshare_late,vshare_auction,vol_ret_corr,bm_ret_1d,bm_ret_20d,bm_gap
2025-09-01,-0.12072608528620822,0.23645225582459675,0.10214590805063146,-0.0669745651344571,0.07506303297180995,-0.1723450743611856,-0.047348075597695445,0.13062479004641744,0.17964416917949158,0.16562112872796497,-0.031885519469441966,0.1379624961381126,0.18588681606356908,0.07423947755987544,,,
2025-09-02,0.1344218997364658,-0.18742045155488185,0.026969216647031405,-0.1793346625560751,-0.023338455628121396,-0.4665178036831758,-0.2871617566675647,-0.017568744899913388,-0.12096328846916313,-0.256321426100874,-0.023385915634967225,-0.023481956356260728,0.276165094079459,-0.05445508897341445,-0.03663953517347021,,-0.0017803475890271554
2025-09-03,-0.13585007011759048,0.2680209396217057,-0.3593192739820241,0.16483054895465762,-0.010517469111213295,-0.15852662993930308,-0.04432598589335861,0.04406324087575185,-0.025884838999480273,-0.17305637494646842,-0.08514623292407889,0.13557124396202747,0.03846707984894934,-0.007731835025818781,-0.13392256839987418,,-0.27756692580403264
2025-09-04,0.15473646407600172,0.10473240657056164,-0.0908130436883436,0.0754977648120667,0.1794650154750608,0.25618247298919566,0.1563985594237695,0.07177717053217321,0.09330132052821127,0.0714991264805552,-0.37613445378151256,0.1417046818727491,0.2595438175270108,-0.13248499399759903,-0.15026653289308678,,-0.4358703481392556
2025-09-05,-0.4620999305036748,-0.25693360614151195,0.14327396343735435,-0.025897405124818664,-0.5107925761994793,0.15736272183939962,0.19164925934117905,-0.4514719305979303,-0.17781939547491507,-0.2933752115956215,0.10357991791503963,-0.2447597782164845,-0.09311147929404816,0.443804173097263,-0.4543206320789013,,0.22062672646992637
2025-09-08,0.04240503309191295,0.10746956712742639,0.08037473903767886,-0.08178529809349791,0.12350836758344087,-0.029531812725090034,-0.04768307322929172,0.043032443035263,-0.0912845138055222,0.21798109823822964,0.029051620648259304,0.06036014405762304,0.1221128451380552,0.04364945978391356,0.1900120048019208,,0.03563017125493375
2025-09-09,-0.05485110628874834,0.11049219687875149,-0.23267800094821106,0.062285879469418375,0.07486194477791117,-0.03135654261704682,0.02737160556864747,0.21874250392063233,0.005330132052821128,0.20438125121864129,-0.10127250900360144,0.03202881152460984,0.29795918367346935,-0.12864345738295319,0.07923359506713741,,0.02021657183228173
2025-09-10,0.03567912796053522,-0.26752142916304394,0.2336822812125898,0.1311338277522003,-0.03491080219018721,-0.26367980031130395,-0.23198636228444902,-0.005908348789920904,-0.04821244208933695,-0.08952780450527763,-0.2206055368111693,0.15486566308576857,0.24038992539763027,-0.21911690563112002,-0.2076930464848252,,-0.2273514480177653
2025-09-11,-0.026089465243480995,-0.017337015292913236,0.011108448211385274,0.0525822644779016,0.04437507515416019,0.1246218129937872,0.10060990297571644,0.005371171712710158,0.0997454742150659,0.012942050908042515,0.11482495370641434,0.07342842083526034,-0.06555251434933315,0.11664985886778771,0.11136723866381215,,0.25251530861534016
2025-09-12,-0.2793824582427912,-0.203399788341609,-0.08742790331814498,-0.369327781571833,-0.3402569344883387,-0.1626449615105421,-0.015534959661928546,-0.27864758557125774,-0.19894835415948503,-0.08063222618106669,-0.13397680620443236,0.21200989225540104,0.2862973901759232,-0.34565055593530614,-0.15226110492797934,,0.19087657228435773
2025-09-15,-0.21008403361344538,-0.23731662231623823,-0.19913398804870147,0.02415136726077654,-0.32005570371058845,-0.012436974789915966,0.16062424969987996,-0.2246392471054963,-0.09042016806722687,-0.08081920904609648,0.1655222088835534,-0.02914765906362545,-0.3362785114045618,0.14641056422569024,-0.19195120868445759,,0.08040372902565046
2025-09-16,-0.14061712191636655,-0.07775243182465759,-0.24920069712136508,-0.18209836693843434,-0.211550007527867,-0.3141313505652164,-0.22192340176759895,-0.34583188809180465,-0.3759875162169514,-0.22909751958776878,-0.26125585492658265,0.2546284086067539,0.23873214243383134,-0.1869612211818357,-0.201994765309173,,-0.21184100068693737
2025-09-17,0.28515833558022047,0.24007107636067138,-0.03264169616809477,-0.08095845846159049,0.3430753345049216,-0.008019977946035631,-0.013014455229794346,0.09682997129324725,0.08015175564032018,0.27468589125653525,-0.09215771064935555,0.07217980151432067,0.11031071462301704,0.161888297341833,0.1226077563512673,,-0.13933048364631861
2025-09-18,0.043862604149074,-0.03034094205379648,-0.29278013886323445,0.16423512056236061,-0.06584065726954999,0.0011044417767106843,-0.10127250900360144,-0.09274889500396268,-0.07735894357743096,0.051057227113143054,0.3178391356542617,-0.13219687875150057,0.09656662665066026,0.03654261704681872,-0.12408461191120188,,-0.232946769497384
2025-09-19,-0.23707082833133256,-0.07506123071648917,0.03413677962971921,0.0871889228383806,-0.09954381752701079,-0.05911164465786314,0.043169267707082834,-0.025526949211288896,0.09781512605042017,0.019844355987951222,0.03289315726290516,0.11558223289315725,-0.13133253301320527,0.16283313325330132,-0.19723382888843316,,-0.19598520956749346
2025-09-22,0.19433373349339736,-0.2896588154211957,0.155686481773705,-0.01636220694976712,0.1634093637454982,-0.2615606242496999,-0.3528931572629051,0.007348173866512543,-0.07783913565426169,0.06038531925519028,0.07428571428571429,0.052100840336134456,0.21334933973589434,-0.17176470588235296,-0.025258709700190476,,-0.3595339490979625
2025-09-23,-0.14978629469272534,0.27529411764705874,0.09878524204591356,-0.009102816697145456,0.07092436974789915,-0.22948379351740697,-0.2848019207683073,0.12113061928895882,0.1011764705882353,-0.10098787099510549,0.08062424969987995,-0.15361344537815122,0.1837695078031212,-0.1264345738295318,-0.04682322453523796,,-0.15814243937901398
2025-09-24,-0.13325650079473111,-0.21666786723813578,0.11654340035481704,0.24213100205046623,-0.13700208892517762,-0.01882398137352598,0.14209224715373311,-0.026250060798351516,-0.04091334727103096,-0.09622348617839602,-0.0473000552370487,0.01675910586571573,0.11385627509344413,-0.2050469399616223,-0.16461379629705883,,-0.06782103475025453
2025-09-25,0.03664745542759631,-0.235443828251015,0.02582105528191555,0.03029678675565188,-0.17368964445929458,-0.3758463385354141,-0.1594717887154862,-0.11296287610601986,-0.020792316926770707,-0.07155196214947308,-0.1594717887154862,0.2843217286914766,0.2669387755102041,-0.31102040816326526,-0.0575750300120048,,-0.027143889752712827
2025-09-26,-0.014069627851140454,-0.11716967997806989,-0.24823447495976494,-0.11589491984894397,-0.07294117647058823,0.26713085234093636,0.24504201680672266,-0.14226705501512488,-0.22391356542617047,0.07088711390826685,0.27529411764705874,-0.04998799519807923,-0.30929171668667466,0.2281392557022809,-0.022328931572629048,,-0.08591461404465714
2025-09-29,-0.14956999134982749,-0.00822313698764884,-0.11500459541290084,-0.04308423324748649,-0.15209143805446013,0.03270422144461236,-0.2544782223715138,0.05021142118542491,0.0980166166937648,0.0068752385199801975,-0.09599961625224687,-0.11655381122771542,0.1268309087154497,-0.057868703143550505,-0.2809460926967935,-0.21385007062093814,-0.3351904327361798
2025-09-30,0.004853435988242518,0.32578254131896045,-0.16303465004971637,0.1808288769628597,0.17080671996422636,0.016094164720635042,-0.007350469260469137,0.23304097248586064,0.23468655122478263,0.18092066361968007,-0.04799424046541613,0.08066299273416785,0.026471297794238527,0.11217873021696363,0.2385356610601148,0.19529187937128786,0.04032684450853159
2025-10-01,0.24248246961354555,0.0582188496774202,-0.0418123318007425,-0.10566297365712447,0.13248438633252102,-0.19620557722376267,-0.07449567938165383,0.03792937785251021,-0.049375601808085194,-0.03077397879143668,-0.004178674472085031,0.0009606148211689727,0.041690683238733414,-0.13650336608811103,-0.023729465132545858,0.0998559106605147,-0.11712536665646792
2025-10-02,-0.03212484993997599,-0.3158526643777026,0.09104012580777134,-0.09301320528211285,-0.3138808928169619,-0.11471788715486195,-0.17767533439297484,-0.1997020923047351,-0.10405762304921969,0.05832008776899112,0.3635534213685474,-0.1474669867947179,-0.32763505402160864,-0.039615846338535404,-0.14571224357518234,0.052292917166866744,0.16499795918223284
2025-10-10,0.0946504034898496,0.3409222000328684,0.14631910357894154,0.09088213247898701,0.30833133253301315,0.16513805522208885,0.1295109126642846,0.309513520132932,0.31937575030012,0.09649118807881313,-0.10194477791116446,-0.0033133253301320525,-0.4713085234093637,-0.025306122448979586,0.4033133253301321,0.2263145258103241,0.38349060012494507
2025-10-13,-0.235443828251015,0.07865735073937641,0.09666498598190765,0.05634090023316506,-0.03404561824729892,-0.1757983193277311,-0.04153661464585834,0.038374718541118145,0.06237695078031212,0.0994854620273342,-0.43577430972388953,-0.02674669867947179,0.1845378151260504,0.03241296518607443,0.34895558223289314,-0.36134453781512604,0.41871968689511774
2025-10-14,-0.056377257011141,-0.5019088094798305,-0.118613967594936,-0.17467196685740943,-0.4556652021770103,0.20547912320744305,0.06141804126719319,-0.3413052878161356,-0.49033590256396375,-0.18174005038503174,0.19438641989804378,-0.20245384048669776,0.08072222624718665,0.1648538981002926,-0.3640423540630114,0.03817618671416621,0.045486203901197605
2025-10-15,-0.1866071214732703,-0.05186198949848994,-0.014313160835417693,0.14074417472659434,-0.13104756420498062,-0.20614645858343336,-0.2297719087635054,0.0225307476862148,0.07803121248499399,-0.1295213431996662,0.05267707082833133,0.28845138055222086,0.028283313325330132,-0.26031212484994,-0.1497719087635054,0.3626890756302521,-0.22146974702050667
2025-10-16,0.2535894357743097,0.3424331917719739,0.31403596284206786,0.024549606484311957,0.4240576230492197,0.07639855942376951,0.053061224489795916,0.4973893697504229,0.4840816326530612,0.12411451201896061,-0.1771428571428571,0.1991356542617047,0.024729891956782712,-0.061992797118847545,0.27836734693877546,0.26357743097238895,-0.21855640498448
2025-10-17,-0.1342169080076661,-0.11173859532853399,-0.1188062154566498,0.12919831659741932,-0.08321728691476589,-0.131140456182473,-0.04067226890756302,-0.1320686766632541,-0.13296518607442975,-0.2163248006864364,-0.07447779111644658,0.03759903961584634,0.006962785114045618,-0.13872749099639856,-0.1006002400960384,-0.23169267707082833,-0.002352941176470588
2025-10-20,0.12115536991175013,-0.16163653393696034,-0.20277468260911705,0.11932155558923349,-0.03591922976376896,-0.10290763286598514,-0.11251170499533515,-0.13494693383471804,-0.02910033855193047,-0.2326018314432749,0.18170904468730179,-0.036975677697997464,-0.043986650352422954,0.10521261017702914,-0.12293212325567987,0.02136906048780373,-0.3127160968113715
2025-10-21,0.052965186074429765,-0.08513805522208882,-0.10150511676000692,-0.20901097296193585,0.022857691667852977,0.15975990396158463,0.014645858343337334,0.028477441426201552,0.09013205282112843,0.061687882251998366,-0.14429771908763506,-0.02482593037214886,-0.13373349339735893,0.02261704681872749,0.024924362598757438,-0.004849939975990396,-0.040883982618687816
2025-10-22,-0.09844173932583739,-0.0507575212036147,-0.06924108596243451,-0.0013972243066689006,-0.010612499702931738,0.014550169275965235,-0.09426396794957016,-0.17511709752390037,-0.24413551352807675,-0.06064288921025879,-0.255804461165237,0.06559581264346044,0.07399937575664167,0.013973924948204236,-0.04244999881172695,-0.08053014480459966,-0.05538077412680131
2025-10-23,-0.33744717633499804,0.06867076450249712,-0.05639455838156032,0.10836019512753071,-0.17611890126776794,0.34757137036117614,0.24399145244613651,0.0023531671736303143,-0.09570457876897266,0.032959994507793876,0.2948450143710447,-0.032653845239789966,-0.29959903007507294,-0.06890921752808618,-0.050902804456396465,0.43890609631129457,0.04211385628719971
2025-10-24,-0.418021576084607,0.04587045905558999,-0.2538062857157327,0.0010921262692481476,-0.18871731270095607,-0.15014409654871047,-0.16974063890055752,-0.13847114847961453,-0.15994236772463397,-0.3207759925549284,0.08318924351323304,-0.19759846871445771,0.07065322009697796,-0.03078770501846558,-0.23751771730878796,-0.4410662951397339,-0.15317003323539272
2025-10-27,-0.3978006675976766,0.2120681248025345,-0.1730044139934488,0.1063789743385258,-0.2185931509549634,0.13277629718826361,0.12768613895970812,-0.16058779748668486,-0.16038800456014482,-0.1648844382689598,0.0949842733592714,-0.12989507554945862,-0.10641311919319789,0.23429133959549303,-0.23698047979171102,0.15731470147875282,-0.01157401851964568
2025-10-28,0.043314365303368456,0.18148201591657875,-0.04326530612244897,-0.026657321008459935,0.21978919068017452,0.2816326530612245,0.26012004801920763,0.05475372957550082,0.07188475390156063,0.28936300531860987,0.14487394957983193,-0.3466506602641056,-0.33262905162064826,-0.022905162064825933,0.15433743911865436,0.42521008403361343,-0.025952189882756282
2025-10-29,-0.004387755102040816,-0.2727388719729914,-0.14842215367466485,-0.10114933961293607,-0.18234693877551017,-0.1886734693877551,-0.07326530612244898,-0.21240879664364853,-0.08918367346938774,-0.12914290016139537,-0.0063265306122448975,0.10551020408163263,0.14387755102040817,-0.3089795918367347,-0.14938775510204083,-0.11387755102040815,0.06704252661688197
2025-10-30,-0.2610582506626272,-0.29485446066891996,0.21280886463376705,0.2063170766241446,-0.32454909574580376,0.0418378019983586,0.09025970712791469,-0.12632680286841821,-0.11306410881507643,-0.07146166805564184,0.31898772938260733,-0.44317457092407664,-0.15117732600138603,0.10515574380319158,0.004336845329098149,-0.021480139806474355,0.28144293076177357
2025-10-31,-0.3030612244897959,-0.16551020408163264,0.2364378745000224,-0.4443086500557044,-0.36551952867834275,-0.11510204081632652,-0.11285714285714284,-0.28504352501204905,-0.32653061224489793,-0.24670481817939569,-0.2114285714285714,0.28857142857142853,0.2901020408163265,-0.27122448979591834,-0.175106507876057,0.16438775510204082,-0.012448979591836733
2025-11-03,-0.09051020408163264,-0.18122448979591835,-0.13839245965211577,0.3633182195182453,-0.12530612244897957,-0.6087755102040816,-0.6104081632653061,-0.04398520255205212,-0.06499999999999999,-0.2757553801466293,-0.20551020408163262,0.23489795918367343,0.47704081632653056,-0.40051020408163257,-0.351734693877551,-0.6370408163265305,-0.29271154885924794
2025-11-04,-0.03480568618668632,-0.2278629557617921,0.16138578498903006,0.04610062540356841,-0.12306436392687922,-0.018163728672458128,-0.14566698134794367,-0.03475642569371804,-0.13786065975556702,-0.2018475587383585,0.033368198179178694,0.06867522132901303,-0.0020408683901638343,-0.02056174903090063,0.015255880402061328,0.08581851580638925,-0.02945455819951816
2025-11-05,0.30887755102040815,-0.2694897959183673,0.14715787401865707,0.23831735081926214,-0.0014796295828687798,-0.5905102040816327,-0.40642857142857136,-0.06714970950365906,-0.09173469387755101,-0.06432326598446454,-0.34785714285714286,0.20918367346938774,0.42795918367346936,-0.17663265306122447,0.4331632653061224,-0.3236734693877551,0.5305643460631057
2025-11-06,-0.7184550232154701,-0.46052195224046927,0.033930302566457474,-0.4063160317846703,-0.6783336311807044,0.10362509251056869,0.18362713340499098,-0.5016969179739295,-0.41878619366161884,-0.4684983977530342,0.5876680529476761,-0.2383224062613818,-0.1798005051734338,0.18061685252949936,-0.63231204898251,0.20296436140179333,0.2561800046753153
2025-11-07,0.03500357197531164,-0.2784978073487623,0.32248188758596147,-0.1368668673160172,-0.06750861098994008,0.31686906992228175,0.3177875309945203,-0.023270648881041252,0.013674864853328745,0.007150159596581646,-0.28492703485443177,0.24900500180688162,-0.11674660740453793,-0.017042555451536573,-0.3821818572814638,0.25318910224707925,-0.28867453000056115
2025-11-10,-0.24873083505121735,0.06040816326530611,-0.09433914133532324,-0.2895694181271346,-0.1885906734996382,-0.173469387755102,-0.11510204081632652,-0.1417893314066324,-0.16540816326530608,0.03106900732032695,-0.2705102040816326,0.21857142857142856,0.13846938775510204,-0.03938775510204081,-0.19510204081632648,-0.08255102040816324,-0.023727516457893547
2025-11-11,0.10448979591836734,0.24000612268326693,-0.273915298576838,0.03727099514908597,0.1871428571428571,-0.34112244897959176,-0.3313265306122448,-0.039497857528315236,0.22642857142857142,-0.015478046519903775,-0.321938775510204,0.2722448979591836,0.4551020408163265,-0.3147959183673469,-0.1833210031464664,-0.3306122448979592,-0.5469527285639076
2025-11-12,-0.15730394407877954,-0.38219160719172424,-0.009695114201125182,-0.09663277819377741,-0.37648919627547334,-0.08408377767474998,-0.10939333639471402,-0.2569074164675136,-0.3413352382549013,-0.4494218347920345,0.38562208232145645,-0.4179698463055533,-0.2583739381947414,0.11607438969056807,-0.3283757239773609,0.11291104368581414,0.22644012449614778
2025-11-14,0.03399694164222403,0.1030612244897959,-0.1308419010397966,-0.4419506498163183,-0.008928799206966775,0.17030612244897955,0.07193877551020408,-0.021543806370686324,-0.086734693877551,0.2257264192884298,0.15857142857142856,0.1470408163265306,-0.2186734693877551,0.018265306122448977,-0.308171126914739,0.1987755102040816,-0.5123469387755102
2025-11-17,0.4343877551020408,-0.07663265306122448,-0.06423909394435842,-0.14736385606765842,0.2907142857142857,-0.11908163265306121,-0.29306122448979594,0.15799143011326094,0.1336734693877551,-0.024584809154407365,0.06265306122448978,-0.14091836734693874,0.04704081632653061,0.017959183673469388,0.08663486316245478,0.22122448979591836,-0.29043780128786273
2025-11-18,-0.24852674821220092,0.30010204081632647,0.23152616826750477,0.14515308361235213,-0.058469387755102034,-0.4451020408163265,-0.48210413546645176,-0.08059422077390263,0.43540816326530607,-0.2056669790618238,-0.2505102040816326,0.033163265306122444,0.1683673469387755,0.06581632653061224,0.08490012503081552,-0.25816326530612244,0.16255102040816324
2025-11-19,-0.00826530612244898,-0.18285714285714283,-0.022787679154190915,-0.23576280536564528,-0.08765306122448979,-0.07918367346938773,-0.01020408163265306,-0.08755772151062678,-0.18785714285714283,-0.2708744076090349,0.10408163265306122,-0.07602040816326529,-0.02887755102040816,0.02040816326530612,-0.02714285714285714,-0.31938775510204076,0.2526084849925286
2025-11-20,-0.06377713719261982,-0.2723469387755102,0.1292379908071248,0.0609233226439019,-0.1556122448979592,-0.15979591836734694,-0.11499999999999998,-0.10296382801689183,0.011836734693877549,-0.1688812915768325,0.19285714285714284,-0.24999999999999997,-0.10622448979591836,0.09622448979591837,-0.28153779442310095,0.012551020408163265,-0.12317583491020744
2025-11-21,-0.07821827644267565,-0.08388183070564825,0.10295306317637913,-0.11791330171734933,-0.14367713466753396,-0.10250261489597859,-0.08280823493089758,-0.08411358014830114,-0.11454373839794521,-0.10248856062570873,-0.0924003163646676,-0.16546340473253288,0.05699124979532508,-0.1923518457729414,-0.05556405939078525,0.04377662696901426,-0.018061685252949936
2025-11-24,0.3425210084033613,-0.23750870375882524,-0.29937560901731036,-0.16074448381274425,-0.014166006390791236,-0.27807923169267706,-0.4139735894357743,-0.2925070884125511,-0.044225690276110445,-0.21081604599874845,-0.19539015606242494,-0.09733493397358943,0.28268907563025214,-0.17599039615846337,-0.08479591836734694,0.20902761104441775,-0.031684481757293534
2025-11-25,-0.27740280099921505,0.0233988389936929,0.2745974525354482,-0.12706549441315962,-0.2213307966207929,0.1235167089455304,0.08969494189082275,0.1506368661379476,0.08191209208562013,0.1323143333371847,0.21460487703604994,-0.015325488196664412,-0.2525582804070997,0.11765555045025437,-0.11295825559378235,-0.3501801989513696,0.04270958936311806
2025-11-26,-0.31031170452908113,0.15209508984115297,-0.07872090788760906,-0.02546112521706311,-0.131792639342299,-0.14978629469272536,-0.16092782094111016,0.10123608467051377,0.07362051611540492,0.04265398046911694,-0.12308505075263067,0.2520770313697067,0.2561110322527426,-0.1522835333346047,-0.0974426704413323,0.22383902518845553,0.10321062366398269
2025-11-27,0.16165205949015501,0.2391471379177872,0.24133889779823536,-0.1510354017290386,0.2102053073049342,-0.5303368629827064,-0.43924223883582186,-0.008693146432872192,0.12859852581199635,-0.06954012686136955,-0.23366707490708524,-0.22843285559658952,0.32332108823456746,-0.2161396432710215,-0.024492736286387123,0.5089925765068604,-0.41132112682988997
2025-11-28,0.28418449430746623,0.3944777911164466,-0.4431900583518157,-0.14168676713358888,0.32701865600436714,-0.3807442977190876,-0.4738055222088835,0.17133388482320938,0.09080432172869149,0.03350950413203438,-0.08014405762304923,0.17551020408163265,0.5214405762304922,-0.10482593037214885,0.3254339841030244,0.38908163265306117,-0.1445725305859304
2025-12-01,-0.3965890440860963,-0.026567382359734857,0.1271329007450132,-0.15357306127529405,-0.2753303224297296,-0.026086959532253214,0.0297381730211137,-0.15489203852121047,-0.023588760829348666,-0.06605016100399068,-0.08392986796104303,-0.11765555045025437,0.008791737742914066,0.1255344848209533,-0.300888816851753,-0.07866459997479634,-0.1508563898748762
2025-12-02,-0.005906929864445405,0.07314027791504352,0.1536021323892622,0.01658645903781184,0.06241291961562028,-0.05930941774463475,-0.04980070137747874,0.13815963621165334,0.22614416855019034,-0.033733770818856326,-0.1716851566292059,0.027037410680347665,0.03779474636844337,0.04835998677639449,0.008740545106122462,-0.3938156975298181,-0.1308963410651568
2025-12-03,0.02823597206028897,0.1464761679872171,-0.27402650486001556,0.0673248645768095,0.01575219118026466,0.03976085861550896,0.02141708084845048,0.06127839415412818,-0.10905423902876915,0.11333783864358797,-0.2887464285689075,0.023674037798847723,0.223534778810621,0.0070589930150722425,-0.08783767581921971,0.511492640284811,-0.2785916791041881
2025-12-04,-0.1077835720503791,0.03361505958543618,-0.09959165213694458,-0.22162389478911806,-0.12730197607453414,0.2482112845138055,0.2568547418967587,-0.1278620262765918,-0.07351740696278511,0.09103606509301082,0.27567827130852335,-0.32235294117647056,-0.2460984393757503,0.14823529411764705,-0.0954141656662665,-0.18387755102040815,0.2641845128321555
2025-12-05,0.06728137187063424,0.12902761104441776,0.4085386370474557,-0.046000865127285864,0.12134453781512604,0.060168067226890755,0.10136854741896759,0.132881216621618,0.1394957983193277,0.1706291590507487,0.1169267707082833,0.08475390156062423,-0.023193277310924368,-0.1298919567827131,-0.0943119883102169,-0.32336734693877545,-0.2803772315621035
2025-12-08,0.3371126980438689,0.07225732814388976,0.3075004886839759,-0.14444237079619665,0.2865722165928001,-0.1262070767794276,0.028969496497143074,0.21743309730737612,0.13043479766126606,0.18202701573011665,-0.05789095071153798,0.15589720751779312,0.10084075148839686,-0.20163346069404556,0.34037957327074403,0.10290966118727272,0.21330001097279475
2025-12-09,-0.20530183065450489,0.16725491613263008,-0.26821846166007635,-0.2506103807660548,-0.23074708403943311,-0.055750300120048016,0.04797118847539015,-0.25182064185073677,-0.2226650660264106,0.08365071481132336,-0.005714285714285714,0.16004801920768308,-0.10012004801920767,0.015510204081632653,-0.30468187274909964,-0.005612244897959183,-0.29351585860817964
2025-12-10,-0.10243480813708981,0.08994213549136267,-0.1262183473344255,0.04064843371943199,0.08158463385354141,-0.30804321728691475,-0.40557996602245006,-0.07962328642848492,0.15082833133253298,-0.005986971056492721,-0.16686674669867946,-0.11058823529411764,0.17176470588235296,0.23975990396158461,-0.010996398559423769,0.029285714285714283,-0.049383356063983225
2025-12-11,-0.11103373783162163,-0.07847280606265992,0.1182813412947389,-0.29849671005235096,-0.389617251953216,0.0918695677291387,-0.1025308557771621,-0.2380183961401996,-0.21135283197905877,-0.17106145611231507,-0.09782452141362025,0.04134850905111783,-0.04192479489155153,-0.09100513896848815,-0.4429823519718329,-0.11991019554224833,-0.08875015030832038
2025-12-12,-0.034446316730433794,-0.06671469933018516,-0.2396791553170195,-0.13002392828744821,-0.1614080591414716,-0.055750300120048016,-0.18463385354141656,-0.1864482210434923,-0.16139255702280914,-0.1669646304170171,0.09618247298919569,0.013301320528211284,-0.24840336134453783,0.12297719087635053,-0.23251458625156327,-0.21428571428571427,-0.2319070269545273
2025-12-15,-0.013973924948204236,0.00917188888352924,-0.16469741108942038,0.13174832272332462,-0.03423769507803121,-0.2615606242496999,-0.13344537815126048,0.2546057426485425,0.23697478991596638,0.0277573156928009,-0.04336134453781513,-0.17887154861944776,0.09397358943577432,-0.02444177671068427,-0.09771908763505403,0.0723469387755102,0.02108144451143783
2025-12-16,0.13600672384911439,-0.19016519400691512,0.15593160006494108,-0.29648437464551775,-0.14300463400602137,-0.2920118130928865,-0.1575548032819866,-0.3530089849812741,-0.08221085742723593,-0.1064910104777295,-0.08662873060673691,0.07361521287146768,0.28898653037214117,0.05359072248177295,-0.1925616461934673,-0.029898721915900175,-0.023429622853537804
2025-12-17,-0.07966577831295817,0.08744507673773166,0.20043698533953427,-0.09910058031648981,-0.009460238186707645,-0.11212754211016113,-0.09561083365347675,0.0533823215432077,0.0970971692277284,-0.02840358728208418,-0.031645417666208216,-0.07145429664236394,0.13762635361358536,-0.025114648618250225,-0.06928600752637545,0.18608092249604571,-0.2433776084132717
2025-12-18,-0.14383479446613612,0.08593264751205251,0.05561399482192326,0.2405451933830431,-0.008932001536688437,-0.10271555142339814,-0.07366323323211442,0.0013518930756441752,0.14891113836557157,-0.05280489091093213,-0.1453576316777121,-0.2086484670101285,0.1540012965941271,0.13195995105726888,0.05565559798958319,-0.08586953751614333,0.19285439877064925
2025-12-19,-0.2843217286914766,-0.14742250718552236,-0.06161311840984754,-0.20009715123152466,-0.42329947910110083,-0.10607442977190876,-0.2175750300120048,-0.3747583081323848,-0.31006002400960386,-0.3151148414721105,0.08849939975990395,0.0012965186074429772,-0.1006002400960384,0.015414165666266506,-0.562126341730855,-0.08244897959183672,-0.2447597782164845
2025-12-22,0.011957931188999233,0.25579831932773106,-0.2503481738484057,0.04878356537815755,0.04710684273709483,-0.3382953181272509,-0.17387755102040817,0.09480044297616033,0.1456422569027611,-0.05981228459567082,0.03010804321728691,0.1832893157262905,0.2093157262905162,-0.07034813925570228,-0.08614852700026941,-0.21815126050420167,-0.15889555822328932
2025-12-23,0.6192717904631198,-0.46695486457023766,-0.1592491137931699,-0.20592876069076085,0.09197886912692914,-0.28616715522623704,-0.38823247997544036,-0.30662054421858986,-0.36066283460789084,-0.5171266593360959,-0.14188280908665726,0.39015370961777834,0.48054756428977863,-0.031556196875400754,-0.19231323564736968,0.07180595788238071,-0.6946432860917607
2025-12-24,0.31738942661885916,0.45388844883308055,-0.13306574722519443,0.0007223723871174175,0.3765610098982373,-0.3557743097238895,-0.487923169267707,0.29438748355471195,0.36,-0.15084667529295448,-0.2869147659063625,0.22036014405762305,0.441344537815126,-0.07899159663865546,0.16907563025210082,0.1721488595438175,-0.5279348256705143
2025-12-26,-0.52851208927813,-0.29481976720755115,0.16070412719939525,-0.0006858565112573922,-0.5166030398377359,-0.0448990372047112,0.14545367239900558,-0.2705221270197909,-0.11486470266702589,-0.5291159057628024,-0.236020072578776,-0.00960407212934999,-0.23779682592270573,-0.04269010061496071,-0.512377248100822,-0.38560349599340216,-0.20306069140722077
2025-12-29,-0.410391855551287,9.604302727621975e-05,0.4030516332259988,-0.10357593033089814,-0.2579715712639263,-0.23020960894051926,-0.462051910143028,0.2625185136229017,0.00014406108194024985,-0.07716173237275052,-0.23165021975992178,0.2738120964077682,0.4824605634178968,-0.1077576892913069,-0.03769598310769871,0.3378232371498859,0.045427261171825446
2025-12-30,0.10161186770234498,0.12981336479041897,-0.08620517463961826,-0.09089254258709395,0.12262293507491356,0.054647170416001443,0.021465101209097226,0.03782200272305533,0.03644745373088321,0.1635392276682941,-0.029580542158397973,-0.06324281497176969,0.07169439844559768,0.1795961488188448,0.1307657214582066,0.43924223883582186,0.340449034380781
2026-01-05,-0.19212946294764657,0.3071123291311249,-0.07026315112701793,0.00335012545855766,0.06204230595560094,0.24763505402160862,0.07659063625450178,0.060826135813078525,0.24686674669867947,0.08595379200654556,-0.09551020408163265,0.03932773109243697,0.0052340936374549825,0.13421368547418966,0.22199279711884753,0.3342617046818727,0.2706532258643581
2026-01-06,0.19678194611646405,-0.30375066172859494,-0.2827089418700287,-0.11876337719052837,-0.12681872749099637,-0.10693877551020407,-0.14112845138055222,-0.2210079862131451,-0.3469387755102041,-0.17389520824987717,-0.10722689075630251,0.027515006002400956,0.28893157262905156,0.11827130852340936,-0.11394957983193275,0.009747899159663865,0.11102840569540974
2026-01-07,-0.1341176470588235,-0.20691476590636257,-0.2220941466542665,-0.2479880486423326,-0.1266266506602641,0.05104441776710684,0.011380552220888355,-0.18360045186127666,-0.38746698679471786,-0.04344386349626975,0.43721488595438174,0.09791116446578632,-0.029627851140456178,0.025210084033613446,0.06785114045618247,0.1512124849939976,0.20745156258442618
2026-01-08,0.1027635717840449,0.1500636270210936,-0.2255996543184313,-0.17465281938411564,0.07332709070758718,0.0899901558520094,0.2772215420136875,0.023387600276693128,-0.032365723075909465,0.22224593461910974,0.4839011742372993,0.07572810873992468,-0.1899685467185428,-0.01699920766894948,0.1792600062943176,0.34377776187008285,0.3858402069042454
2026-01-09,0.02463385354141657,-0.44577300788377977,-0.1105475516953237,-0.12913529883555375,-0.36898845120962664,-0.26549819927971186,-0.19135654261704682,-0.3645016219872724,-0.32196878751500596,-0.37424788621644417,-0.19644657863145257,-0.18540216086434572,-0.008979591836734692,-0.008211284513805522,-0.28403361344537814,-0.7239855942376949,0.006916426712416604
2026-01-12,-0.08370551832299464,0.11135654261704682,0.027322929171668665,-0.036974486218897755,0.05661464585834333,0.04777911164465786,0.10271308523409363,0.07950997794821191,0.15764705882352942,0.13961312686685706,0.16398559423769507,-0.13382953181272508,-0.1398799519807923,0.03932773109243697,-0.03375750300120048,-0.18136854741896757,-0.1916012389805323
2026-01-13,-0.2969493496664036,-0.5476156198721215,-0.2221955577102599,0.01416724707012426,-0.6490756302521008,-0.29584633853541414,-0.29642256902761105,-0.39878808049420716,-0.38727490996398556,-0.42223947201239925,-0.09704681872749099,0.05325330132052821,0.14765906362545017,-0.07063625450180072,-0.5973109243697478,-0.004465786314525811,-0.043169267707082834
2026-01-14,-0.006100050575978983,-0.2316745148466977,0.07488901001452915,-0.18121450879912437,-0.17997118674600707,0.15331412545856807,0.22795389706339722,-0.2401249468638402,-0.23246878672289142,-0.15524340045821386,0.16023055217098467,-0.09082613134152638,-0.12901057048299305,-0.04899135587961761,-0.07737752384516075,0.0771373701398685,0.11242814022784592
2026-01-15,0.00024010180323374975,-0.2782651470762201,0.2869147659063625,-0.013692153181855609,-0.17891451044272116,-0.3551020408163265,-0.36,0.008357750479180946,0.016470588235294115,-0.1063164941424546,-0.2221848739495798,0.3005522208883553,0.3063145258103241,0.025210084033613446,-0.2411276004014665,-0.19548619447779111,-0.12514105984543036
2026-01-16,-0.03659151481282346,-0.3709572859961434,0.03228684411451949,0.18082993333336186,-0.3360464838059562,0.11640135420772188,0.11337607148697663,-0.31578200943519436,-0.49273692059630125,-0.3538298920762568,0.09488823263797791,-0.05099762300684845,-0.1735936037380011,0.08437177365633966,-0.2704506711624957,0.025930994749244974,0.0899027496629739
2026-01-19,-0.30391356542617043,-0.1524609843937575,-0.36190251594192163,-0.02770591321222253,-0.29940694863248596,-0.295750300120048,-0.20864345738295315,-0.11784762438431468,-0.20316926770708282,-0.18271591792229885,-0.35481392557022806,0.23409363745498196,0.2819207683073229,0.016566626650660263,-0.34357743097238896,-0.7002641056422568,-0.23477426229369697
2026-01-20,-0.43741746513124535,0.19395423665222306,-0.32897959183673464,-0.16195588919172504,-0.47985594237695073,0.3631692677070828,0.24331332533013206,-0.3723498764548992,-0.2556062424969988,-0.20690618993990198,0.1727250900360144,-0.30324129651860743,-0.21046818727490996,0.24840336134453783,-0.44412965186074427,0.48619447779111635,0.0946001104740974
2026-01-21,-0.3792648083880311,-0.22143783418664847,-0.29532630894358763,0.2416870850338353,-0.37632653061224486,-0.4077310924369748,-0.34501800720288117,-0.2011334186662408,-0.20528211284513803,-0.29499165275253303,-0.18405762304921966,0.01310924369747899,0.26012004801920763,-0.1479471788715486,-0.27644657863145256,-0.5550540216086435,0.2294412831701713
2026-01-22,-0.12990755226407288,-0.21432001536688436,0.040250727422601475,-0.09497941648492698,-0.14588585564482634,-0.10233138853822414,-0.20240582012605104,-0.20304471041038713,-0.10996662588105739,-0.34500352857755245,-0.15212850252890386,0.10113087952205539,0.19328195160316855,-0.17445797022964257,-0.1482904341144833,-0.20115729074923552,-0.0024010180323374977
2026-01-23,-0.5040576230492196,0.036303392648942966,-0.03386980933745583,0.012425339979785907,-0.3481476146889371,-0.16523409363745495,-0.10050420168067226,-0.06171357282381074,-0.050660264105642255,-0.11748561916870219,-0.13661464585834332,0.10108043217286913,0.09301320528211285,0.09118847539015605,-0.4523889555822329,-0.24024009603841537,-0.12610146705836536
2026-01-26,0.1007467166368814,0.25009003824827375,-0.35356093014511175,-0.2347510803927242,0.27606242496998795,0.10847539015606242,-0.03798319327731092,0.07228800175393073,0.06852340936374549,0.0783267881206693,0.07975990396158462,0.04403361344537814,0.06919567827130851,-0.05623049219687875,0.07299094818305993,0.11231692677070829,-0.15952363806850334
2026-01-27,-0.17026079439027902,0.10044192629990564,0.18108875599020233,-0.1528095287257252,-0.0274216012406368,0.08966047200747619,0.0038899294229274616,0.05726364500320894,0.10800557126128223,-0.09962745207959015,-0.3079767578917755,0.35014167188350764,0.017720789593336214,-0.2054939259346495,-4.80238200361415e-05,0.07871104103923593,-0.05162684609385521
2026-01-28,-0.3607108653489493,-0.23918367346938774,-0.1698602514678325,-0.12679153072722585,-0.5568361933190608,-0.34357743097238896,-0.2517647058823529,-0.3818854169273972,-0.31707082833133254,-0.4272085467692404,-0.3270588235294118,-0.0902280912364946,0.09070828331332531,0.022905162064825933,-0.5263890914161471,-0.07620648259303721,-0.21160646676625167
2026-01-29,-0.0014406108194024985,0.29474897364975117,-0.1038929873688389,0.21622538096013663,0.11001464624170415,0.020840836520689476,0.006674830129898244,0.18733642284556146,0.17340152229541406,0.15511675711217546,-0.24067804756151076,-0.055415496186349444,0.23640423546395,-0.15467358164318157,0.27693341984980696,0.07616029198574542,0.18638492064209494
2026-01-30,-0.30746698679471784,-0.10588235294117646,0.050756302521008406,-0.09597921116833422,-0.33057216269222667,-0.46929171668667463,-0.37536614645858346,-0.3199176169656878,-0.35692677070828327,-0.34690384127165114,0.05152460984393757,0.09262905162064825,0.241968787515006,-0.1201920768307323,-0.41637454981992794,-0.36998799519807923,-0.15198079231692677
2026-02-02,0.25989243180945065,-0.3141491993510382,0.057528392054806435,-0.17072089853698236,-0.018535859209645483,0.28029484509507946,0.256764868378172,-0.289330231508154,-0.22814473343270902,0.10327761887392956,0.013253619538502986,-0.012437273407508238,0.11894643332199964,0.13772239433487887,-0.029052318191283722,0.11020672768429113,0.06914931933131993
2026-02-03,-0.01656821791246882,-0.008307322929171669,0.35433373349339736,-0.08187869233473898,-0.012341232686214737,0.14717887154861942,0.08552220888355341,0.038082925143344375,0.173109243697479,0.0281578388611848,-0.002929171668667467,0.07639855942376951,-0.028379351740696276,0.2659783913565426,0.15966386554621848,-0.054981992797118844,0.09656662665066026
2026-02-04,0.3155645214574858,-0.005330260031789245,-0.1970214015502218,-0.12073911145406853,0.1908763505402161,0.22448979591836735,0.2694357743097239,-0.059305145398736187,-0.16619447779111643,0.1469236011641669,0.08696278511404561,0.0005282112845138055,0.09695078031212485,-0.11346938775510206,0.20211284513805522,0.3485714285714286,-0.09628082309673365
2026-02-05,-0.028667466986794718,-0.00849939975990396,-0.12997571770966274,0.3032145091536872,-0.09771908763505403,-0.09176470588235294,-0.13085234093637454,-0.03083203287920332,-0.04989195678271309,-0.11869606291683812,-0.2680912364945978,0.07457382953181273,0.09829531812725088,0.04163265306122449,-0.09800720288115244,-0.11346938775510206,-0.07454371012271228
2026-02-06,-0.15755102040816327,0.06660264105642257,0.08715695457385117,0.025556666751330538,-0.04912364945978391,0.1709003601440576,0.16830732292917167,0.0013016856002080466,0.09829531812725088,-0.010698065342929625,-0.07956782713085234,0.12739495798319328,-0.12797118847539016,0.05911164465786314,-0.12739495798319328,0.19635054021608642,-0.12681872749099637
2026-02-09,0.11222088835534214,-0.07124670531552765,0.12404185571739622,-0.14181752783847937,0.08801920768307324,-0.3463625450180072,-0.19222088835534215,-0.030589704222746924,0.06785114045618247,0.038184784382892224,0.0182953181272509,-0.09445378151260504,0.05392557022809123,-0.18165666266506603,-0.1570745996755191,-0.24225690276110443,-0.43990396158463385
2026-02-10,0.005090158228555495,0.1604360249207916,-0.26437112929895895,-0.03340993040533986,0.10722689075630251,-0.060072028811524604,-0.18358183875252507,-0.027947849896408472,-0.16004801920768308,-0.1600072919584756,0.06439375750300119,-0.03231692677070828,0.33205282112845136,-0.10242496998799519,0.19519807923169266,0.2289075630252101,0.16350540216086432
2026-02-11,-0.24458531544406867,-0.10377947509810179,0.0778640479471669,0.22353967964872215,-0.08764347156595824,-0.24362483904334584,-0.1527637715349661,0.13869945266211692,0.052393987659430374,0.038273859567527865,0.29251308784013785,0.02780579180092593,0.25928060437512795,-0.043077366572418924,-0.21663545218303432,0.03779474636844337,-0.43126141287448727
2026-02-12,0.004274119983216594,-0.5045386869026464,-0.07432855015039613,-0.054664233442990255,-0.33586283079583107,-0.2842529907939215,-0.3834702029885899,-0.2157233426511696,-0.23286750335525014,-0.24515627898516976,0.05633194090239399,0.21183307017942016,0.08764347156595824,-0.2551505558520198,-0.39495737886126997,-0.0856264711244403,-0.08370752813171128
2026-02-13,0.025980886639552555,-0.04240096038415366,-0.21146228793356966,0.20576259988681203,-0.12289295547248612,-0.36672268907563016,-0.25454981992797115,-0.14377986446888272,0.015126050420168066,-0.04460267488788476,0.025402160864345734,0.18482593037214884,-0.09320528211284512,-0.07956782713085234,-0.20980095566565055,-0.19548619447779111,-0.13459783913565426
2026-02-19,0.007155720993473885,0.05095327305834613,-0.09244585356957238,0.2842059165376563,0.051145368338490704,0.12279690783241382,0.1438313410082438,0.006388395245386818,-0.0313595544836004,0.08392863288805705,0.023387600357600912,-0.16938001326747107,0.15372424793568895,-0.04230898545184066,0.12913605207718448,-0.009748835467336724,0.2709984164639465
2026-02-20,0.032220888355342134,0.05676006628445844,-0.47016448892118456,0.0532179628362301,-0.01531959859152914,-0.24062424969987994,-0.14617397780870686,0.0195079799733558,0.13699879951980792,0.14276817117451052,0.06064825930372149,0.12316926770708284,-0.04614645858343337,-0.25262905162064825,-0.05315726290516206,-0.2896038415366146,-0.21525899719419514
2026-02-23,0.2569507803121248,0.05003721579391345,0.31035559085994496,0.013031558179468102,0.19529411764705884,0.2059543817527011,0.014069627851140454,0.13249135628031203,0.05699879951980792,0.31124834063056933,0.008211284513805522,-0.015894357743097238,-0.15831932773109242,0.007827130852340937,0.20134453781512604,-0.057478991596638655,0.09301543857275466
2026-02-24,0.013926238955051863,0.20322216625704578,0.1071591561811741,-0.30922837569065265,0.0887416264751939,0.33230089567550963,0.2284808759572363,0.08276094191319243,0.13839467938393335,0.20282133273671452,-0.052534274547544446,-0.12322024541956036,0.0003841628851739996,0.10425220296409414,0.05378280392435994,-0.0533506206785392,0.05057029668542282
2026-02-25,0.08403764886669227,0.014214026751437986,0.15848621723287667,0.0832696103295225,0.11097771801767192,0.21474705281226578,0.13541741702383486,0.16289679699906173,0.19462652170127756,-0.11599603093563206,0.25153064906767625,-0.12403659155055512,-0.17128862642695705,0.013589762063030237,0.24192657693832625,0.21239405514057502,0.38205916250480215
2026-02-26,0.44182472989195676,0.170488655328928,0.4373694447705985,0.19316194951164684,0.49153641158013256,0.2976710684273709,0.295078031212485,0.35149740653505984,0.45075630252100835,0.30321299104298505,0.030684273709483793,0.09176470588235294,-0.17675870348139258,-0.06151260504201681,0.5758943577430972,0.06929171668667466,0.4209945237221637
2026-02-27,-0.6436014405762305,-0.3608249898996791,0.07327907034694042,-0.08444418917822454,-0.6032653061224489,-0.5271068427370948,-0.4181992797118847,-0.4438998963678372,-0.3458823529411765,-0.42909901089103947,-0.382953181272509,-0.04499399759903961,0.6456182472989196,-0.34213685474189676,-0.37585536278211185,-0.3196638655462184,0.48235294117647054
2026-03-03,-0.009843937575030014,0.1570708283313325,-0.055750300120048016,-0.061772590313783876,0.04230492196878751,-0.4572869147659063,-0.37901560624249697,-0.10784836063297822,0.014933973589435772,-0.23764669833396201,-0.4020648259303721,0.4536374549819928,0.5049219687875149,-0.22208883553421366,-0.20701080432172866,0.1582232893157263,-0.4346322842137338
2026-03-05,0.09772847377354797,-0.25306730060837224,-0.020216086434573826,-0.2892860619609552,-0.15668667466986794,0.07198079231692676,-0.004898076785968495,-0.19413886458533194,-0.23735894357743095,-0.052889460800039124,0.28720288115246095,-0.31390156062424973,0.019255702280912366,0.14362545018007203,-0.05003721579391345,-0.19817527010804323,0.23409363745498196
2026-03-06,0.06256902761104441,0.2322689075630252,-0.26853987325778633,-0.06146807170265761,0.18549819927971187,-0.2814405762304922,-0.34424969987995196,0.16701882462592432,0.11615846338535413,0.0546437463501199,-0.13478991596638654,-0.11683073229291716,0.37123649459783914,-0.08667466986794717,-0.15630252100840333,-0.24024009603841537,-0.41589435774309724
2026-03-10,-0.050372148859543824,-0.31006746869606444,0.02665066026410564,-0.27275048344324765,-0.2394717887154862,-0.25963985594237693,0.22679471788715486,-0.27679600492922024,-0.23111644657863145,-0.25608570927090496,-0.1574549819927971,0.06554621848739495,0.1119327731092437,-0.2002881152460984,-0.5565906362545018,-0.047587034813925566,-0.3113085234093637
2026-03-11,0.0055703618350229946,-0.13681000748259062,-0.25963985594237693,-0.1713904763580948,-0.13181272509003603,-0.055366146458583426,0.04441776710684273,-0.03592872045073188,-0.19990396158463383,-0.136982169801869,0.0561344537815126,0.08725090036014405,-0.09896758703481391,0.23803121248499398,-0.3165502173833757,0.028667466986794718,-0.35193277310924365
2026-03-12,-0.12692695635552198,-0.11404835653603113,-0.0871387046163901,-0.44724482394396387,-0.25656662665066027,-0.04998799519807923,-0.12312420469826689,-0.27413861365887154,-0.4120528211284513,0.015307242721494507,0.08715486194477791,-0.1402641056422569,-0.07207683073229292,0.1328691476590636,-0.32776257174666573,0.016182472989195677,-0.14035690943745158
2026-03-13,0.10838195397971463,-0.11426787653743307,0.2082082939761624,-0.1522579699188221,0.05820067710386094,-0.12643760958289263,0.1017575873991548,0.051121356251621834,0.08763715818031866,-0.08966564886679174,0.30492929010686215,-0.09181492955658589,0.05166990805590295,-0.1273019760745341,-0.2628634541803092,0.11318399004438963,-0.4034670701539931
2026-03-16,0.06844544937614214,-0.06762890717305832,-0.22128784877085936,-0.3718885258713747,-0.08592905890099528,-0.5408741750591901,-0.4913544810279296,-0.22488589959164065,-0.06580211525007464,-0.48134021399225785,-0.20086455910643222,0.2953890575094591,0.3688280605878271,-0.41801153943167846,-0.22204611591320805,-0.34476465931754435,-0.1159757934850553
2026-03-17,0.0453781512605042,-0.031260504201680674,-0.37119738779937717,-0.18816358089121718,-0.12329491229703765,-0.13181272509003603,-0.027803121248499398,-0.2628406790465417,-0.28547418967587035,0.14570238117350198,0.07399759903961585,0.09013205282112843,0.04825930372148859,-0.04672268907563025,0.051236494597839126,-0.07361344537815126,0.37835242153574283
2026-03-18,0.1940022570128698,0.11913851476458664,0.03984033540716234,-0.20401782522677828,0.2512845138055222,0.07639855942376951,-0.08129651860744297,0.45569377912156317,0.3366626650660264,0.11257355097268223,0.06775510204081632,0.004849939975990396,0.08830732292917168,-0.016950780312124852,0.45767106842737093,-0.02348139255702281,0.47006002400960384
2026-03-19,0.01018520848836744,-0.044381470332319525,0.05736547222022211,0.07459210097609394,0.08734903601643818,-0.21887680382788627,-0.09373574398245589,0.18201273047388436,0.0887416264751939,0.039444162572855594,-0.17253715580377257,0.09003817621265617,0.13825061830199312,-0.3453144134107789,0.15246464505343107,-0.3487238590166981,0.13839467938393335
2026-03-20,-0.055750300120048016,-0.2993589282718392,0.13277204475218138,-0.21334827241314577,-0.29124348732253846,-0.5928931572629051,-0.37690276110444176,-0.25944449922044766,0.002929171668667467,-0.12491649459917488,-0.18828331332533013,0.10434573829531814,0.30948379351740696,-0.30199279711884747,-0.3497574813232186,-0.16830732292917167,-0.1506398713488546
2026-03-23,0.1607202881152461,-0.074093637454982,0.07707267883803368,0.09604500700357697,0.09003601440576231,0.009459783913565426,-0.06304921968787515,0.09718551208445242,0.05786314525810324,-0.1674782761722779,-0.0319327731092437,0.20278511404561822,-0.001680672268907563,-0.28797118847539016,0.10376950780312125,-0.15078393243079483,0.03884753901560624
2026-03-24,0.3911164465786314,-0.227952651990122,0.1300840336134454,0.21204137602799958,0.25551020408163266,0.3642256902761104,0.13830195943722315,0.032608956892490736,-0.007827130852340937,0.2938180802521094,0.20797118847539015,-0.15447779111644658,-0.3178391356542617,0.15515006002400963,0.08244897959183674,0.047490996398559415,-0.17474189675870347
2026-03-25,0.044274772516303455,0.03251290679585114,-0.4987869553124092,-0.16114541207949643,0.040481164025210216,-0.3493481237051059,-0.36433047622689185,-0.16187205914648814,-0.24365530992160925,-0.023995626103364486,0.11644937456836864,0.11582510987996089,0.1324881750243831,-0.2386131720537005,-0.0012485593545908567,-0.27078681368702295,-0.09167086847464564
2026-03-26,0.10732292917166866,0.15814243937901398,-0.3705731231109693,-0.01436065658643995,0.1277821796810016,-0.21104441776710686,-0.16648259303721488,0.0248763387787213,0.04969987995198079,0.07738515576649228,0.015222088835534215,0.04499399759903961,0.042593037214885957,-0.03942376950780312,0.036735575894763714,-0.1632172869147659,-0.12327714603277524
2026-03-27,-0.2048019207683073,0.19615846338535411,0.22378913040907256,0.07482281672306992,0.0036974789915966387,0.1603361344537815,0.039519807923169274,0.16047841581002034,0.27980792316926767,0.034091709507061224,0.025210084033613446,-0.07841536614645858,0.05162064825930372,-0.26818727490996397,0.0478762995648097,-0.16715486194477788,-0.002929171668667467
2026-03-30,-0.22325224470197094,-0.036448328851325394,0.24710910455969942,-0.0029378601366726403,-0.11472064158508564,-0.4526879398169118,-0.3699577410679984,0.04031890142647131,0.05186198949848995,-0.19238475632955454,-0.14540565203835887,0.3744147519627094,0.4697831882071548,-0.30041537620606773,-0.1054527119802629,-0.0977694542767829,-0.12653365030418612
2026-03-31,-0.2545620437956204,-0.04490334985837639,-0.18781213983864772,0.10695803057334739,-0.1555656934306569,0.23722058159494475,0.20850440592818828,-0.17719938532462542,-0.17489015347546333,-0.10009555507000413,0.5525222696015049,-0.14761458862810936,-0.4173449543809038,0.1597637398717371,-0.18094071891695382,-0.11078297201205214,-0.21431486956644502
2026-04-01,-0.24993997599039616,-0.3443457382953181,0.2710944641040188,0.03598250106819592,-0.3069461452540257,-0.31150060024009607,-0.29201181309288643,0.04241012562733967,-0.07726290516206481,-0.01295050234830188,-0.47611044417767107,0.42079231692677066,0.20211284513805522,-0.34933973589435774,-0.5730132052821129,-0.06525810324129651,-0.5190396158463385
2026-04-02,-0.1684594698424894,-0.11582510987996089,0.0076839956976900775,-0.03024405009702808,-0.20615140825649753,0.016903166947655982,0.09126488666922782,-0.16919604342770442,-0.10487646765250189,-0.10875202418555698,-0.05748037169415969,0.008931787080295493,-0.00902782780158899,-0.1005546351942944,-0.29321936227429884,-0.1414199621046786,-0.11294660007683441
2026-04-03,0.061961143645770766,-0.30656934306569344,0.3637153661976195,-0.16650758691035142,-0.20596427199385325,-0.1818050854085953,-0.11520084519155312,-0.1959352601524008,-0.23270666769415027,-0.07651662784790618,0.12389253046861487,0.26761746988433743,0.024922567175663223,0.06626809769251493,-0.18401402199834582,0.23174626048121524,-0.025834954027951475
2026-04-06,0.14218487394957982,0.0485485846138642,-0.11068128388886612,-0.0797880160653679,0.08125045021430093,-0.14439375750300118,0.0036015270485062465,0.045192585235179696,-0.03903961584633854,0.03940629110478378,-0.14890756302521005,0.07764705882352942,0.196734693877551,-0.21767106842737097,-0.024537815126050418,0.018103241296518604,-0.09900279844162581
2026-04-07,-0.2934272300469483,-0.23971833985424795,0.472464661282743,-0.15977200817790826,-0.2752321679808032,0.2986018997077605,0.15144402568910342,0.21054243023788347,0.1532809478335804,0.2967756121628608,0.019083580056511007,-0.025104602641185608,-0.13674864853328744,0.4200428637037397,0.20920502200988006,-0.09347892690782934,0.5117644116541065
2026-04-08,-0.0799510191846682,-0.1617759685225709,0.24735902821100986,0.24547098703855075,-0.019185631286759732,0.18377551020408162,0.35623357750309725,0.10552097207717852,0.1573469387755102,-0.015548205126838174,0.06908163265306122,0.10959183673469387,-0.2587755102040816,0.14091836734693874,-0.1360204081632653,0.20285714285714282,-0.20918367346938774
2026-04-09,-0.20097964208007005,0.23918367346938774,0.18570701755917565,-0.013620144800087091,0.07112244897959182,-0.013163265306122449,-0.07877551020408162,0.13705130534821883,0.1959183673469388,0.04984325793713044,-0.05795918367346938,-0.2327551020408163,0.10826530612244896,-0.004081632653061224,0.14243429909984084,0.11448979591836735,0.15663265306122448
2026-04-10,0.2346217636672294,-0.045934773161333986,0.2048991809192823,0.051459930695427245,0.18879477596013566,0.05623022786704581,0.014185121004572355,0.11987544023414594,0.01745076037253146,-0.09448669423189021,-0.162975814707209,0.019185631286759732,0.0389835699550118,-0.2797224221117469,0.2629107981220657,0.10215328147897068,0.19430554239356665
2026-04-13,0.06496998799519808,0.06586596964773325,0.34384688129150953,-0.206149435272373,0.055755655061960285,-0.20902761104441775,-0.13863145258103243,0.1196839821918252,0.03481392557022809,0.15977302237997773,-0.1287394957983193,0.11154861944777912,0.30506602641056424,-0.17061224489795918,-0.002602107197458889,-0.3452100840336134,-0.1986734693877551
2026-04-14,-0.22986794717887157,-0.06401114074211768,0.12064250968775812,-0.2641763968738417,-0.3357022809123649,-0.3720048019207683,-0.4925330132052821,-0.3176501824015558,-0.08849939975990395,-0.3021046100965253,-0.3592316926770708,0.27183673469387754,0.1700360144057623,-0.24504201680672266,-0.474765906362545,-0.23803121248499398,-0.48158463385354144
2026-04-15,-0.1547733384556281,0.12048308486269563,-0.2470833748555255,0.06591181680263998,-0.0897020336881289,-0.21292227910768927,-0.07414343683858193,-0.16167535621059256,-0.05397488536694695,-0.04711892502899659,0.03832024779610646,0.025498811503424226,-0.22017335356534856,0.22026939428664202,-0.07496338273825211,-0.2824557613241832,-0.04269010061496071
2026-04-16,0.04778484824501016,0.09561083365347675,0.058088146516118926,-0.16534489209340394,0.17148482520169037,-0.20298206445381203,-0.2227237802535536,0.05316875270244463,0.05781651421868694,0.0035004238044904,-0.21724411156589676,-0.044274772516303455,0.0897020336881289,0.1611083099698461,-0.08653268988544341,0.16826334370621182,-0.31556954554473954
2026-04-17,0.14560472547237693,0.07285563354862584,-0.01692634625289097,0.03911095140993735,0.1411866401348246,0.25120053813059523,-0.019448713045859507,0.08243065016885648,0.020601229374503028,-0.1467103008693357,0.14641759525142128,-0.058922397301900284,-0.34489051134657517,0.10348636200944997,0.021033928020086117,0.189781022116634,-0.18840177448530349
2026-04-20,0.3279389170127768,-0.29683523164339065,0.372599677275164,-0.22267051554696787,0.1992892818279431,0.19942376950780313,0.3525654878684381,0.24260149877266202,0.07947178871548619,0.1944460473401317,0.46545018007202876,-0.12355342136854741,-0.28489795918367344,0.23457382953181274,0.14065163633433062,0.1865546218487395,-0.13468300902168612
2026-04-21,0.16924000524162397,0.014551566852500584,0.15396533146528468,0.17288483058766693,0.1087180965042419,0.27174722089995795,0.2862013494546297,0.21808575579714928,0.16427765377253162,0.19349328660148665,-0.10569281378349664,-0.08115440949300741,-0.3160219934162614,0.06938942113455368,0.12125141063304362,0.015798698652780732,-0.003937764118325009
2026-04-22,-0.3028862329679445,0.3593660045993127,0.13922105428477421,0.15278998908954305,0.05959326756261669,-0.10799519807923168,-0.09570228091236495,0.03971379182450818,0.17944777911164464,0.11698422409274437,-0.10645858343337333,0.10914765906362545,0.10722689075630251,-0.09368547418967586,-0.07227064277335868,-0.157358943577431,-0.07095845161903866
2026-04-23,0.16849939975990394,0.23418967587034814,-0.17492795893486995,0.11015262816903221,0.2548379351740696,-0.024729891956782712,-0.20883553421368548,0.15717064039681258,0.15879951980792315,-0.10442299318816091,0.18156062424969985,-0.13315726290516205,0.08129651860744297,-0.07831932773109243,0.15641358185771287,0.13104441776710685,-0.12931572629051621
2026-04-24,-0.031406069919323855,-0.2618801783719,-0.04090765743942283,-0.4439947138691218,-0.2100410574688843,-0.06938942113455368,0.04485101684406445,-0.3287470589201289,-0.40961367631677703,-0.2102884960892615,-0.01114072367004599,-0.20144541291311602,0.17666690681939307,-0.01911210353740648,-0.3370149827122551,-0.06372301857823719,-0.32378436871141564
2026-04-27,-0.20797618196107404,0.03818535596774245,-0.16008072963792597,-0.13996371804731209,-0.13417210910487898,-0.1774352325897411,-0.08610050663962267,-0.17240965346692114,-0.21028115927211802,-0.22397741504838692,-0.21685994868072278,0.07587216982186491,0.1414199621046786,0.025018607896956726,-0.21817745284128764,-0.3130927514168097,-0.1543745082771374
2026-04-28,-0.3739692287005149,0.08344175988815185,0.1553725814542174,-0.08325269671936365,-0.13607629680456204,0.20406142809393177,0.03714581996899678,0.056301533488545365,0.14622557886759224,0.12854429636588266,0.3175197745795463,-0.033970141059730216,-0.01823609555472769,0.043064130663539014,-0.13679477483401276,0.4932406742256295,-0.044700086465282396
2026-04-29,-0.006626809769251493,0.11664145601095563,0.07433730311179408,-0.15534649979979934,0.11276336688878755,-0.08470791618086693,-0.03687963697670396,0.10091963409637207,0.012533314128801739,0.0994391281341422,-0.3610650917029129,0.26540853329458697,0.23193834192380228,-0.1350812744993076,-0.03904430313888771,-0.007347115178952742,-0.0659277866622606
2026-04-30,-0.07376104494813678,-0.20720785619072604,0.057878432630351764,-0.05076695731728018,-0.22219554360353438,0.23683641870977076,0.21933826354206684,-0.15084226144358545,-0.06338687605370993,0.18419208639034232,0.00878772599835524,-0.01973636822581423,-0.10468438620991488,0.024106221044668474,-0.08422771257439941,0.32265655013446026,0.16841144832885133
2026-05-04,0.3169747899159664,0.2657060595353379,0.21897514961485987,-0.04864565454351138,0.4342481213285598,0.287875150060024,0.15304456414112158,0.30530208750269644,0.3689315726290516,0.40105851379734386,-0.1394957983193277,-0.1262424969987995,-0.18789915966386553,0.34194477791116445,0.4414405762304921,0.2,0.18232893157262903
2026-05-06,-0.09704681872749099,-0.13117195383062324,-0.1796183237620013,-0.10485110773059338,-0.21747899159663864,-0.17464585834333732,-0.18626650660264102,-0.3080344635245599,-0.2967106842737095,-0.29167344657770194,-0.2444657863145258,0.03798319327731092,0.2594477791116447,-0.0588235294117647,-0.1936614645858343,-0.005426170468187274,-0.040388032650395
2026-05-07,-0.19394957983193276,0.20509003601440576,0.007453004783420689,-0.005049464459275313,-0.05728691476590636,0.062472989195678265,0.06213834667689444,0.006723011917087236,0.16427370948379352,0.09615110869798099,0.345594237695078,-0.17099639855942375,0.08648259303721488,0.09435774309723889,0.10693877551020407,0.196062424969988,0.2895356109978971
2026-05-08,0.10012245194847365,0.1144407631461252,-0.20125333147052907,-0.04534807504772252,0.04096038415366146,0.015894357743097238,0.1971188475390156,-0.03663953517347021,-0.16110444177671068,-0.05003311557503231,-0.1144297719087635,-0.08043217286914765,0.0695798319327731,0.07956782713085234,0.06103241296518607,0.08244897959183672,0.09215771064935555
2026-05-11,0.15495798319327728,-0.04792431992545645,0.16631048264903597,-0.22395871176089605,-0.04643457382953182,-0.23342136854741896,-0.16686674669867946,-0.11875150060024009,-0.030876350540216087,-0.024771685421580463,-0.33906362545018,0.015414165666266506,0.06228091236494597,-0.09003601440576231,-0.2339015606242497,-0.3795918367346939,-0.21490659466173326
2026-05-12,0.12921968787515006,-0.5020408163265306,0.4619078490610878,-0.35463186878677516,-0.22909963985594234,0.5850180072028811,0.5077070828331333,-0.061418041267193184,-0.2921008403361345,-0.008886876601740564,0.3079471788715486,-0.30948379351740696,-0.24648259303721487,-0.1884753901560624,-0.013544668978482517,0.6806122448979591,0.363265306122449
2026-05-13,-0.05018007202881152,-0.28415694315384926,0.06362697785694368,-0.25132536153669516,-0.22391356542617047,-0.32292917166866747,-0.21046818727490996,-0.25038425313769275,-0.2067226890756302,-0.14749630160311356,-0.07860744297719087,0.23649459783913568,0.40312124849939973,0.01915966386554622,-0.1866071214732703,-0.2860504201680672,0.029627851140456178
2026-05-14,-0.02645858343337335,0.49483793517406965,-0.18439818488351978,-0.11083354630001503,0.17118847539015608,-0.4427851140456182,-0.33560624249699883,0.3357801548093802,0.24292917166866745,0.3120507163275283,-0.12460984393757503,-0.022232893157262904,0.270204081632653,-0.3572148859543817,0.1298919567827131,-0.5190396158463385,-0.2199812721227615
2026-05-15,0.04341040602466196,-0.08869147659063625,0.25004803795028363,-0.09214776474703931,-0.14055222088835534,-0.07582232893157262,-0.06468187274909963,0.06833297320032518,0.09503001200480192,-0.0781685801921517,-0.1837695078031212,0.33781512605042013,0.139015606242497,-0.0631452581032413,-0.3549099639855942,0.18108043217286915,-0.23930269524009312
2026-05-18,0.44912364945978384,0.03587034813925571,-0.5835696085419517,0.01653651364499146,0.1890516206482593,-0.5998079231692677,-0.5890516206482593,-0.06516206482593037,-0.22477791116446577,-0.2759317631516963,-0.4690996398559423,0.36259303721488595,0.459015606242497,-0.3235054021608643,0.30525810324129654,-0.5374789915966387,0.24307906559384823
2026-05-19,-0.017046818727490996,0.2023049219687875,-0.056038415366146455,-0.1700727607674773,0.06650660264105641,-0.0015846338535414166,-0.026074429771908762,-0.06955018374730346,0.031260504201680674,0.16337738817755407,0.07524609843937576,-0.022521008403361343,0.10088835534213686,-0.1006002400960384,-0.008115246098439374,0.34232893157262906,-0.13320848043408437
2026-05-20,0.13163645129605314,0.07727032643815167,0.26898141602242853,-0.4796225212220936,0.20885559333717943,0.5681698148475901,0.29971666084555915,0.25194505840216946,0.22105364362635932,0.09474969415952678,0.29318542132064385,-0.14594438908983404,-0.373673343701217,0.027613696520781366,0.020698763410652642,0.5649041950851326,-0.3208091333899127
2026-05-21,0.165906362545018,-0.22902559775235884,-0.007994447475727999,0.13850621048309472,-0.0720837538742484,-0.03923169267707083,-0.05325330132052821,-0.2501562910403973,-0.14343337334933973,-0.18633731505553416,-0.033277310924369745,-0.11231692677070829,0.13690276110444177,0.019735894357743092,-0.2670348139255702,-0.10981992797118847,-0.3918847539015606
2026-05-22,-0.03692677070828331,-0.05325330132052821,0.13614752980246117,-0.046593300871836434,-0.02424969987995198,0.15486194477791115,0.025402160864345734,0.1376776797592079,0.188859543817527,0.01982589747350362,-0.0010084033613445378,-0.04,-0.11990396158463384,-0.04691476590636255,-0.14468187274909963,0.03759903961584634,-0.2048215924541435
2026-05-26,0.1745540109509361,0.1479346824600218,0.22833814299186483,-0.026206989460775935,0.19481392557022806,-0.04768307322929172,-0.10444177671068428,0.1322576003795337,0.2622328931572629,0.012951188117007231,-0.2179591836734694,0.12739495798319328,0.17858343337334934,0.07543817527010806,0.055366146458583426,-0.12797118847539016,-0.34891594045928515
2026-05-27,0.3079471788715486,-0.19865546218487393,0.18266090824528017,0.0349324680019322,-0.024729891956782712,-0.12960384153661464,-0.060456182472989194,-0.07660719181835422,-0.12163265306122449,-0.10059093208259069,-0.23783913565426168,-0.09522208883553422,0.31025210084033605,0.12028811524609842,0.09570228091236495,-0.037695078031212484,0.06641056422569028
2026-05-28,0.2516686674669868,0.1344699253298587,0.4129171668667466,-0.05633052162694459,0.3858343337334934,0.33042016806722685,0.0015846338535414166,0.4087493098251355,0.34809123649459783,0.34625731677979193,0.16312124849939974,-0.08926770708283314,-0.13373349339735893,0.1721488595438175,0.47889555822328933,0.5577430972388956,0.20883980310627023
2026-05-29,0.1837695078031212,0.14036014405762304,0.08533218086927466,0.04592952613031761,0.2049939975990396,0.13786314525810325,0.10362793827568641,0.13656990567935687,0.12547418967587035,0.20685250463663665,0.1837695078031212,0.1466986794717887,-0.1709003601440576,-0.08734693877551021,0.23620648259303723,0.3300360144057623,0.36739495798319327
2026-06-01,-0.2003841536614646,0.25349339735894355,-0.17460056637787696,0.02759462518788535,-0.02559423769507803,-0.2906602641056423,-0.35375750300120046,-0.037328853695323655,0.20701080432172866,0.09985992078823608,-0.4786074429771909,0.4143577430972389,0.6771188475390156,-0.07995198079231693,-0.20710684273709484,0.02991596638655462,-0.28434903843399384
2026-06-02,0.2252581032412965,0.23232250480897626,0.2900840336134453,-0.0459446806295655,0.4985834333733493,-0.1925090036014406,-0.28816326530612246,0.42958694802676467,0.31985594237695075,0.3444143172526109,-0.1392076830732293,0.17157262905162063,0.38804321728691477,-0.48561824729891956,0.35673469387755097,-0.09589435774309724,0.13916300515428137
2026-06-04,0.043169267707082834,0.05286914765906363,-0.22398847562087895,0.0026945154381655696,-0.09291716686674668,0.02991596638655462,0.11260504201680673,-0.04663000948539917,0.011668667466986795,-0.09080319781649981,-0.09042016806722687,0.20470588235294118,0.13421368547418966,-0.03683073229291716,-0.306890756302521,0.25541416566626646,-0.2674253884417505
2026-06-05,0.04043314366456346,0.4853898054173485,-0.2133609004567915,-0.1984645389328865,0.22319863628609377,0.3335014046916784,0.2038944513061003,0.22252107612504604,0.15909145482268258,0.10348931317112615,-0.3448342098043114,0.032605824879143215,-0.26747340880239723,-0.24192657693832625,-0.39789670831897006,0.24240678054479375,-0.6900525824937969
2026-06-09,0.22550361359713778,-0.13834665902328663,-0.43136030847907675,-0.05140647680449604,0.03812816635351946,-0.19337799232446204,-0.26896203998244644,-0.13416888764701937,-0.2759249922762252,-0.1371373003025411,-0.02866815530610972,0.13181588997532862,0.004657974982734745,-0.021801243733624482,-0.0540229057275937,-0.42123460359329057,-0.3107696009984531
2026-06-10,-0.13325650079473111,-0.49656662665066026,-0.29546218487394954,0.09290178339262614,-0.5102163318717182,0.3333973589435774,0.41445378151260504,-0.5664481741890625,-0.5021368547418967,-0.2697612237736237,0.17157262905162063,0.16091236494597838,-0.022424969987995196,0.2975750300120048,-0.6479231692677071,0.22458583433373347,-0.5273949579831932
2026-06-11,-0.06463540543052543,-0.16773109243697476,0.25243697478991595,-0.22501509820567572,-0.15198079231692677,-0.30391356542617043,-0.3596158463385354,0.09318884523076872,-0.07639855942376951,0.13606248452895814,-0.23466986794717884,0.1348859543817527,0.13959183673469386,-0.20364945978391355,-0.05061346012167445,-0.21968787515006,0.21657182651684226
2026-06-12,-0.11673469387755102,-0.2666090423107557,-0.009844410307163454,-0.1623348734060472,-0.41464585834333734,-0.032220888355342134,0.09397358943577432,-0.2974932773311102,-0.3043937575030012,-0.17083855068487733,0.0923409363745498,-0.016086434573829533,-0.09349339735894358,-0.07630252100840335,-0.41771908763505405,-0.06228091236494597,-0.012244897959183673
2026-06-15,0.03145258103241296,0.3089075630252101,-0.19838640056930051,0.2371654749056802,0.1695558223289316,-0.04460984393757503,-0.010228091236494596,0.25246122192999587,0.22621848739495798,0.138414779942294,-0.42050420168067226,0.05546218487394958,0.2353421368547419,0.046242496998799516,0.11759903961584633,0.2010564225690276,0.021848739495798315
2026-06-16,-0.11712165961742313,0.10944891371897304,0.14776282146297845,0.4072335142354122,-0.0470119330731682,-0.09887392257165814,-0.17373766481994132,0.15580049580401778,0.33066820341352016,0.06136160341715125,0.10694134316031215,-0.055463516546996196,0.09383178470374942,-0.05330260031789244,-0.039761813292354974,0.3305721626922267,-0.07472147522089898
2026-06-17,0.10050420168067226,0.29382953181272503,0.06010089571795353,0.25617090436013085,0.2704986915231425,-0.2888355342136854,-0.04355342136854741,0.4094412573352351,0.4975270108043217,0.19188799546220542,-0.2595438175270108,0.32869147659063624,0.4723649459783913,-0.16091236494597838,0.1582232893157263,0.44969987995198074,-0.10799519807923168
2026-06-18,0.06266506602641056,-0.21921294635241353,-0.07596821054315842,0.004755043364786416,-0.11087635054021608,-0.14266506602641055,-0.04768307322929172,-0.26064607618979024,-0.16225690276110444,-0.2708021068577909,-0.07591836734693877,-0.10012004801920767,0.15803121248499397,-0.07831932773109243,-0.3325330132052821,-0.11942376950780313,-0.2518607442977191
2026-06-19,-0.10040816326530612,-0.18232893157262903,0.05599174051411044,-0.2791624658700905,-0.3054501800720288,0.09214885954381752,0.14583433373349342,-0.2633689537531947,-0.28614645858343335,0.07633602799783192,0.20797118847539015,-0.13296518607442975,-0.2824009603841537,-0.04470588235294118,-0.08264105642256904,0.11827130852340936,0.28762914681325963
2026-06-22,-0.17637454981992798,-0.18184873949579833,0.10341018549883993,0.17852229593628446,-0.08264105642256904,-0.3254261704681872,-0.4562304921968788,0.0017321884959635803,0.2801920768307323,-0.12164491657154973,-0.5726290516206483,0.4188715486194478,0.36451380552220886,-0.22545018007202883,-0.017334933973589435,0.10991596638655461,0.14415712266154335
2026-06-24,0.0956062424969988,-0.2434093637454982,0.2762810366679221,0.004178674472085031,-0.074093637454982,-0.25157262905162064,-0.1365186074429772,-0.11376296593985474,-0.11951980792316927,0.05567746188350955,-0.21056422569027608,-0.13978391356542613,0.3159183673469388,0.07707082833133252,-0.010996398559423769,0.3549099639855942,0.2659078915401155
2026-06-25,0.03615846338535413,0.3668187274909964,0.018008932513553063,0.3385547798514602,0.2741416566626651,-0.5715726290516205,-0.6507082833133253,0.1585586985925617,0.37555822328931565,-0.04580662366399331,-0.19145258103241294,0.017046818727490996,0.3870828331332533,-0.21162064825930374,0.06804321728691476,0.14765906362545017,-0.22545018007202883
2026-06-29,-0.4959903961584634,-0.4523517972923845,-0.04883553421368547,-0.24731220034936147,-0.5471788715486194,0.18799519807923168,-0.28585834333733495,-0.41249791299850974,-0.4970468187274909,-0.2583564376518696,0.30420168067226894,-0.3838175270108043,-0.09627851140456183,0.19375750300120048,-0.43020408163265306,0.5412244897959183,-0.028482229447660046
2026-06-30,-0.04466858918435723,0.020028819021373084,0.27575110517082946,-0.13490271438866203,-0.048607109951150015,-0.05682036667214475,0.03583093282960269,0.028602336614241088,-0.013592699719540965,0.34583514419074923,-0.25336215908331655,-0.02574447720732847,0.06464937746467186,-0.06042267225152839,0.01013472969709894,-0.07391931048895245,0.2549603651213067
2026-07-01,-0.22016806722689078,0.0034574659665659964,-0.1567149425375939,0.2581652331891614,-0.22910663484879998,-0.6849939975990396,-0.5433373349339736,-0.0913347259501184,-0.010324129651860744,-0.05097672867570974,-0.09915966386554621,0.031644657863145256,0.5071308523409364,-0.15390156062424967,-0.3127490996398559,-0.27097238895558223,-0.20710684273709484
2026-07-02,0.1942903791767503,-0.213930706681271,-0.07270282601917943,-0.037269100696636075,-0.06828495283967843,-0.04019304186132971,0.12009892197752163,-0.10853122677030734,-0.07044586906878218,-0.03922129673175834,0.04922086966291869,0.21652380615619554,0.0011524886555219988,-0.05656798484187144,-0.16797522154233133,-0.01176498835845374,-0.23987128012944126
2026-07-03,0.4514285714285714,-0.31476590636254503,-0.3610170713422661,0.31499357940261247,0.12811832220552888,-0.44883553421368544,-0.47342136854741895,-0.03428983095911397,-0.39015606242497,-0.317498615259919,-0.44806722689075623,0.002064825930372149,0.2590636254501801,0.07399759903961585,0.17186074429771905,-0.1721488595438175,0.0783268504789468
2026-07-06,0.2678991596638655,0.3021848739495798,-0.47189608407561173,0.06428579072176273,0.37709483793517407,-0.6323649459783914,-0.6038415366146458,0.0683313325330132,0.05104441776710684,-0.08693803183169517,-0.22295318127250902,-0.07313325330132053,0.3169747899159664,-0.43932773109243695,0.2460984393757503,-0.09272509003601441,-0.3109776962288675
2026-07-08,0.04816326530612245,-0.04336134453781513,-0.09541645660509215,-0.20811299935703634,0.015222088835534215,0.07975990396158462,-0.06871548619447777,-0.17628274393421905,-0.23178871548619448,-0.10955899402113987,-0.11126050420168068,-0.07659063625450178,-0.2213205282112845,-0.04729891956782713,-0.2024969987995198,-0.19903961584633853,-0.3309321438690511
2026-07-09,-0.24763505402160862,0.10396158463385353,-0.41748901546284406,0.2987749564108338,-0.12710684273709483,0.07764705882352942,-0.031117193699093968,-0.1071814449635459,-0.11894357743097239,-0.04945370136306573,-0.06362545018007203,0.06737094837935174,-0.0426890756302521,0.11980792316926771,-0.3239855942376951,-0.18914765906362543,-0.3028571428571428
2026-07-10,0.40897959183673466,-0.5938820598472704,0.3451223319681919,0.1475084414493767,0.23006002400960382,-0.4904201680672269,-0.12067226890756304,-0.03010804321728691,-0.1648499399759904,-0.24689552618832325,0.009939975990396158,0.18357743097238896,-0.04797118847539015,-0.19030012004801922,-0.23092436974789915,0.20576230492196879,-0.5269147659063625
2026-07-14,-0.10981992797118847,-0.11222088835534214,-0.17652284573745283,0.24399799619531432,-0.1897238895558223,0.17387755102040817,0.23130852340936373,-0.02967872078233545,-0.12057623049219686,-0.15306106509100365,0.2943097238895558,-0.08043217286914765,-0.24753901560624247,0.09051620648259305,-0.2716031598180177,-0.15831932773109242,0.0499927966576233
2026-07-15,-0.14425316338283684,0.33346139070303493,-0.5295332308874376,0.3072441552897755,-0.01114072367004599,-0.4145597734633923,-0.19914521705724164,-0.05777126805516803,0.021945304815564726,-0.11417686508663072,-0.3993853394990193,0.25566040008329677,0.3563590963595314,-0.32418545472620897,-0.36778794219345784,0.19731566189749553,-0.5775888978591084
2026-07-16,0.006483215704879103,0.004802036064674996,-0.13205599177856236,-0.21209809096560425,-0.10415616224280064,-0.1863625450180072,-0.3454021608643457,-0.20438446999985463,-0.2943097238895558,0.08545136102984524,0.13536614645858341,-0.10559423769507804,0.10713085234093636,0.0722689075630252,-0.2710269154902567,-0.022424969987995196,-0.34939614406575265
2026-07-20,0.5288355342136853,-0.43193277310924366,0.002595218988275628,0.08133913078942123,0.2053781512605042,0.049219687875150055,0.03289315726290516,-0.15198079231692677,-0.2101800720288115,-0.1695413182354326,0.2270828331332533,0.11827130852340936,0.20605042016806724,-0.13402160864345739,-0.30602641056422564,-0.295078031212485,-0.6758865761030056
2026-07-21,-0.21171668667466984,-0.230828331332533,-0.14689428321840808,0.1267010813181517,-0.30122448979591837,-0.2024969987995198,-0.2790396158463385,-0.15131942316013675,-0.18184873949579833,-0.2090372590064376,-0.08187274909963986,0.230828331332533,-0.039711884753901555,-0.049219687875150055,-0.36610722957082165,0.22103241296518605,-0.2733733493397359
2026-07-22,0.29498199279711884,0.32763505402160864,-0.17272923724635955,-0.03199612575636954,0.2993037214885954,0.10953181272509004,-0.01666266506602641,0.09832365075220342,0.09310924369747899,0.16548854863829038,-0.10434573829531814,0.021176470588235297,-0.35394957983193276,0.1431452581032413,0.3149579831932772,-0.10242496998799519,-0.1388268626297541
2026-07-23,0.04729891956782713,0.04643457382953182,-0.05546751214174343,-0.2990912136363782,0.0009123649459783913,-0.39150060024009603,-0.2851860744297719,-0.21238773985980441,-0.2956542617046819,0.005712817080514409,-0.6135414165666266,0.20115246098439374,0.14717887154861942,-0.2482112845138055,-0.22689075630252098,0.5306602641056423,-0.6080982566416949
2026-07-24,0.14530961131706535,0.31383566393618473,0.26454416680294546,0.06360756836298,0.2569507803121248,-0.66953181272509,-0.4332773109243698,0.2802468247344327,0.45066026410564225,0.34862734472805157,-0.09570228091236495,-0.03654261704681872,0.3443457382953181,-0.03567827130852341,0.2072989195678271,0.11106842737094838,-0.02665130015894622
2026-07-27,0.3101635094173579,0.08792316926770707,-0.3505966530819214,-0.11042665891068258,0.17474189675870347,-0.5019447779111644,-0.16062424969987996,-0.2435885146788857,-0.4376950780312125,-0.34384138223061894,-0.008307322929171669,0.06458583433373348,0.1820408163265306,-0.2921008403361345,-0.09570457876897265,0.5742617046818728,-0.5574928114654134
2026-07-30,0.0013925570228091237,-0.40619447779111645,0.2941458977213667,0.10547550736435322,-0.09877788185036465,0.5584153661464586,0.562641056422569,-0.2980552220888355,-0.3153421368547419,-0.28104665101808546,0.1884753901560624,-0.34953181272509,-0.4181992797118847,-0.11913565426170468,-0.41388748841433787,-0.7602881152460984,-0.6461063089944155
2026-07-31,0.0480249733320924,0.012486493066344024,0.3774228440810129,0.022251740961002787,-0.02065073853279973,-0.10752791529055487,-0.3265698186582283,-0.034162164380304554,-0.09191979895762487,0.17544102435888995,-0.1712570549022415,0.02895905891925172,0.18345539812859296,0.01061351910639242,-0.17514707774214097,0.09999039523601493,-0.22394045064754686
2026-08-03,0.05421368547418968,0.25915966386554623,-0.20797504201680322,0.058733131904201055,0.24041301650045455,-0.1563985594237695,-0.25585248152588375,0.2952291772562187,0.09992797118847539,-0.04137370225880714,-0.08801920768307324,0.16581032412965185,-0.09099639855942376,-0.03807923169267707,0.09848739495798318,0.3323409363745498,0.07534213685474188
2026-08-04,0.1512124849939976,0.30999375833329346,-0.18934428203013506,0.08727228181876484,0.31620648259303724,-0.08148859543817527,-0.029627851140456178,0.1439159942063075,0.0035054021608643456,0.19476049818452593,-0.1733973589435774,-0.10108043217286913,0.04979591836734694,-0.1702280912364946,0.15366515406959988,0.07236494597839135,-0.22372148859543817
2026-08-05,0.13461076756130463,-0.02593099474924497,0.22578405197997964,0.1606266033001802,0.09704681872749099,-0.405906362545018,-0.2629051620648259,-0.01632731465578329,-0.01935174069627851,-0.06036677348645354,-0.2327490996398559,0.19635054021608642,0.28672268907563025,-0.03923169267707083,-0.3839135654261705,0.3803601440576231,-0.5572282649448864
2026-08-06,0.2736377018216714,0.07789524492020912,0.5115541676675475,0.07642424904024385,0.3037464064536292,-0.6223823426353774,-0.4609029911968731,0.3846597325090705,0.37809799361210766,0.062001755029748896,-0.3181075980301053,0.29106629081419877,0.33049952922318504,-0.3910662936978888,0.4463496766561632,0.1648415033125957,0.5182641394867183
2026-08-07,-0.21872749099639854,-0.13728691476590635,0.36418641514495165,0.09955335337846451,-0.06123919484952202,0.27500600240096035,0.3104441776710684,-0.11081729043308257,0.17810324129651858,0.1908255622177781,0.4141656662665066,0.16014405762304923,-0.2828811524609844,0.32888355342136855,0.10338535414165667,0.15572629051620648,0.15188475390156062
2026-08-10,-0.0947921919166844,-0.4278267999476983,0.018973054007957634,-0.11871416519876125,-0.44039472749134384,-0.16379745016606406,-0.31342889394133694,-0.30182970788299035,-0.39607193461439355,-0.539583399992718,0.12168359387886436,-0.024250282126608725,0.16845542514879883,-0.1958270307174463,-0.45206367512850404,-0.33436577118331984,-0.10683411825288913
2026-08-11,-0.40145985401459855,0.233138850939971,0.5673190073550806,-0.2696986794366497,-0.00768344218209758,0.24211865838091326,0.2380369277259395,0.1382904676355365,0.3231290067919804,0.21569773004519546,0.06357895749629694,-0.002689140196217997,0.08590842519703566,-0.1421882878750266,-0.2012053111098823,-0.42968618706711853,-0.5124855935459086
2026-08-12,0.04202084253162381,0.018008932513553063,0.06034529679479332,-0.38284257601759514,0.07174241880624442,0.03894357743097239,0.06852340936374549,-0.05085600416584729,-0.05046818727490996,0.10866824606548182,-0.07668667466986795,-0.13498199279711884,-0.053637454981992794,0.3142857142857143,0.07178871548619448,0.18252100840336133,0.11239193407676983
2026-08-13,-0.03947273645162846,0.007587216982186492,-0.04485101684406445,-0.09421594758892342,-0.13181272509003603,-0.1632172869147659,-0.12230785856727214,-0.13031366120699947,0.017911164465786316,-0.039894946358901895,-0.2322689075630252,-0.2198799519807923,0.2860504201680672,0.17983193277310922,-0.3306440009488343,0.06506602641056422,-0.34002400960384155
2026-08-14,0.043986650352422954,0.15814243937901398,-0.35471788715486197,-0.018457337049729915,0.01474189675870348,-0.3158223289315726,-0.35990396158463384,-0.09187618697149343,-0.18770708283313325,-0.16599641712950078,-0.5136614645858344,0.21584633853541413,0.14823529411764705,-0.05584633853541416,-0.41791116446578624,-0.3683553421368547,-0.5472400299303625
2026-08-18,-0.33474189675870347,-0.21517923605808653,-0.33432624564447533,-0.09776851049758108,-0.3791116446578631,0.10396158463385353,0.15975990396158463,-0.35740185153743165,-0.2772148859543817,-0.36034775523740614,-0.0588235294117647,0.41234093637454977,-0.10444177671068428,0.022424969987995196,-0.46453441120959676,0.3426170468187274,-0.10540469161961614
2026-08-19,-0.08734903601643818,-0.1426684914814941,-0.3966080980466818,0.058914740590423925,-0.13743427217099835,0.05911306395614919,0.031645417666208216,-0.36298574465350847,-0.28615332909398294,-0.38701234509728505,-0.08369948860728517,0.3600566641293311,-0.13037527915592612,0.02463444501178273,-0.45336022486596633,-0.22420706385967554,-0.47453720391118304
2026-08-20,0.1400720288115246,0.2573349339735894,-0.11146328630388441,0.06839282063898057,0.2791903768002042,0.17051620648259302,0.30084033613445377,0.1835484829073567,0.12278511404561823,0.2201208420734508,-0.2584873949579832,-0.08340936374549819,0.23908763505402159,0.05267707082833133,0.23933922424830562,-0.41272509003601443,0.0924872146056404
2026-08-21,-0.4256902761104442,-0.5474669867947178,-0.045821326969760004,-0.12536584186434327,-0.5570708283313325,-0.43231692677070827,-0.32446578631452583,-0.5310218984225047,-0.49368547418967584,-0.30659696627251554,0.31841536614645854,0.22026410564225687,-0.1886674669867947,-0.08734693877551021,-0.5146218487394958,0.05027611044417767,-0.03520146008649173
2026-08-24,-0.24022091549903607,0.16600638675581456,-0.09160203233824236,-0.15058344436390847,-0.06799683067579793,0.049605032548092697,-0.19251362583282058,-0.036220398838863,-0.055895699792816944,-0.20844271449226862,-0.21873274274594603,-0.059161084316795946,0.008835746359001992,-0.25690892946011223,-0.18502689204763736,-0.22439914530226251,-0.08278616288976273
2026-08-25,0.004081730654973746,0.1570708283313325,0.07920269200538181,-0.15229721522434145,0.09104660378623791,0.08667466986794717,0.023673469387755098,-0.008800132992363876,0.13959183673469386,0.012630793949150707,-0.0739015606242497,0.07140456182472989,0.04,-0.032220888355342134,0.0034093637454981987,-0.2731812725090036,-0.10761362820936665
2026-08-26,-0.13340056187667138,0.18292273051766297,0.32555580419590935,0.09201435899306903,-0.004657863145258102,-0.22448979591836735,-0.2799039615846338,0.21582423015442323,0.28710684273709486,0.16761589525052406,0.3922689075630252,-0.23102040816326527,0.005714285714285714,-0.01983193277310924,0.022137386258151728,-0.057094837935174066,-0.19219135560859674
2026-08-27,0.06353093713565018,0.31998271290081076,0.1059783913565426,-0.19186423107640774,0.2368787515006002,-0.09723889555822329,0.07044417767106842,0.10555128709826961,0.18232893157262903,0.24845923094367103,0.07313325330132053,-0.2279471788715486,0.04009603841536614,-0.24629051620648257,0.03659151481282347,-0.10069627851140456,-0.21200480192076832
2026-08-28,0.16427370948379352,-0.16427370948379352,-0.13037527915592612,0.06820843326093827,-0.08168067226890756,0.1076110444177671,-0.07169267707082833,-0.22345665119965957,-0.31649459783913564,-0.358404017987482,-0.07428571428571429,-0.08283313325330133,0.03145258103241296,0.21229291716686674,-0.03807923169267707,0.09675870348139255,-0.045478557574225996
2026-08-31,4.803074105844864e-05,0.18459469863773814,-0.029317067729998533,0.08506247018226516,0.10127250900360144,-0.16292917166866747,-0.20403361344537815,0.1405405658885153,0.05488595438175269,0.024336062071815122,-0.32129651860744296,-0.3789195678271309,0.5846338535414165,0.08792316926770707,0.11298919567827131,-0.3785354141656663,0.17210497255795182
2026-09-01,0.08303318484248866,0.186686518418904,-0.16913248326253838,0.24816824426253747,0.1636171548631341,-0.2831004191130541,-0.39192239531495077,0.14140929024375032,-0.015415646231601422,0.06818136346330157,0.0641117997482489,-0.20674254525558916,0.1314411954389193,-0.29299332604049927,0.02943860168215474,0.10618066609990885,-0.23734268667997793
2026-09-02,-0.372484993997599,0.004994117507261995,0.18414986121809204,0.13104224860766253,-0.2569754610133932,-0.23322929171668666,0.0010084033613445378,-0.10738945162059943,-0.066890756302521,-0.14940956344580103,-0.3545258103241296,0.014357743097238897,0.22746698679471786,-0.1330612244897959,-0.0021608643457382954,-0.1320048019207683,0.4975270108043217
2026-09-03,-0.4620888355342137,-0.1442051430221901,0.3136134453781513,-0.023204893561209,-0.4050420168067227,0.27567827130852335,0.2078321208791338,-0.3726078718817838,-0.20115246098439374,-0.27007991560479166,-0.03529411764705882,0.31668667466986794,-0.11577430972388955,-0.025498199279711888,-0.45411764705882346,-0.24388955582232894,0.011860744297719087
2026-09-04,-0.00768362667400406,0.19491464386515805,-0.2846697135725047,-0.06500929515693814,0.05359072248177295,-0.029964705043571967,-0.0484525438925707,0.022475147699163003,0.03567912796053522,0.04393220277693586,-0.05690412736639869,0.239669619987929,0.08446781437763316,-0.29863862286213794,0.1239915482135997,-0.1299911162707521,0.20211873637057462
2026-09-07,-0.03567827130852341,0.08413167185310592,0.2866954933778799,-0.17076903264537127,0.06525967011893317,0.05277310924369748,0.03183673469387755,0.13418566082320643,0.1470828331332533,-0.22211823401660297,0.06593037214885954,-0.1673469387755102,0.10434573829531814,-0.07476590636254501,0.09118847539015605,0.07265306122448979,0.08029004300136593
2026-09-08,-0.11539015606242496,-0.15409363745498197,-0.10593545920781745,-0.22754012778650967,-0.19423769507803118,0.11817527010804323,0.4274189675870348,-0.2774228107293514,-0.3064105642256902,-0.09997958124638386,0.4139735894357743,0.1707082833133253,-0.27625450180072025,0.33647058823529413,-0.08273709483793518,-0.08129651860744297,0.19030468924307006
2026-09-09,-0.26898141602242853,-0.2384726293551975,0.01584133652299654,0.14523217725912144,-0.23380552220888354,-0.1506362545018007,-0.10900621866812238,-0.15128956621341946,-0.16504201680672267,-0.1502271670573747,0.0034093637454981987,-0.02348139255702281,0.09272509003601441,-0.10857142857142857,-0.27897037058994595,-0.08129651860744297,-0.053613550538800445
2026-09-10,-0.030492196878751498,0.2509063843792685,0.04770598676892715,-0.23787106234569128,0.030300120048019206,-0.1624489795918367,-0.13805522208883553,0.08423782625133389,0.08945978391356542,-0.0010756808735683649,-0.04326530612244897,-0.12672268907563025,0.16725090036014406,-0.32590636254501804,-0.011092703309399238,-0.169171668667467,-0.014166006390791236
2026-09-11,-0.0966626650660264,0.5272989195678272,-0.08716323336559682,0.15100874423873104,0.22343337334933971,-0.36230492196878744,-0.029676582879691472,0.35238461819297096,0.25051620648259304,0.21832584508668543,-0.13056422569027612,-0.1983673469387755,0.4800480192076831,-0.013589435774309724,0.43504778570740593,-0.16542617046818728,0.45793315458102773
2026-09-14,-0.284733228994283,-0.3235364755834853,0.06969929940753854,0.10993351542263802,-0.39787734899943233,-0.10445180857860777,-0.16304086902270037,-0.3608289509481163,-0.4065216366059378,-0.37052204390286136,0.08178456552154897,0.18561206443968692,-0.042597128372057515,-0.04884022497675591,-0.4292849273030689,-0.03232003088432323,-0.2716707499444525
2026-09-15,0.23966386554621846,0.03078031212484994,-0.09784936778016996,0.2959157923668052,0.19041444644330105,0.11010804321728691,-0.08158463385354141,0.12050044595477104,0.04432172869147659,0.31543394620540743,0.027515006002400956,0.13018007202881152,-0.0728451380552221,0.051236494597839126,0.2485954381752701,0.07380552220888356,0.2901800720288115
2026-09-16,-0.2986866432227847,-0.3592009220130619,-0.3175033396269104,-0.0007223897316169127,-0.496050325480927,-0.16384547052671083,0.03908857356645446,-0.476961125788802,-0.4104780428084186,-0.40131439491560317,-0.05786453457933369,0.07779298424773493,-0.00960407212934999,-0.18703930471909105,-0.3966481789421546,-0.32760276603918553,0.2844225567226896
2026-09-17,-0.475204081632653,0.10388815239319898,-0.12640519781943568,-0.3015822879233851,-0.3341411771795738,-0.10826530612244896,-0.10622448979591836,-0.15591110364376876,-0.06306122448979591,0.07756977987586716,0.12928571428571428,0.001836734693877551,-0.26622448979591834,-0.016836734693877548,-0.3130692110511322,-0.3355102040816326,-0.08209602541427588
2026-09-18,-0.09570228091236495,0.02424969987995198,-0.2287154861944778,0.09803074250029366,-0.006482593037214886,-0.1296998799519808,-0.012436974789915966,0.06584200245825649,-0.018775510204081632,-0.1612349641742483,-0.2546458583433373,-0.12307322929171667,0.22122448979591836,0.031068427370948382,-0.018775510204081632,-0.2492677070828331,0.14900360144057623
2026-09-21,-0.038579805662958086,0.04058792524119765,0.12080363301607824,-0.07150966100228481,0.06386861321232876,-0.13489243196498604,-0.15789473702416307,0.1170580607981559,0.23295236292707272,-0.040652601227938824,-0.11294660020706557,0.38681329280098353,-0.13196311962968377,-0.15755858642830875,0.09811030809368934,0.009316173656535169,-0.07616943626112099
2026-09-22,-0.19212296423379455,-0.10132296096464238,0.06861572790929885,-0.1798370572298391,-0.2500960433156452,-0.12825930372148858,0.07947178871548619,0.0171457390218626,-0.019927971188475387,-0.02511024955114754,0.20816326530612245,0.29872749099639856,-0.11010804321728691,-0.18031212484993997,-0.19098889369272862,0.24792316926770705,-0.05018007202881152
2026-09-23,,,,,,,,,,,,,,,,,
