code,date,n_bars,first_bar,last_bar,day_vol,zero_vol_bars
000150,2025-11-13,27,10:00,16:30,89211,0
000150,2026-01-02,23,10:00,15:30,119680,0
000150,2026-09-14,43,09:00,19:45,80245,0
000150,2026-09-15,43,09:00,19:45,56972,0
000150,2026-09-16,43,09:00,19:45,85434,0
000150,2026-09-17,41,09:00,19:45,194771,0
000150,2026-09-18,43,09:00,19:45,143341,0
000150,2026-09-21,43,09:00,19:45,81541,0
000150,2026-09-22,43,09:00,19:45,88725,0
000150,2026-09-23,43,09:00,19:45,79240,0
000270,2025-11-13,27,10:00,16:30,783260,0
000270,2026-01-02,23,10:00,15:30,645393,0
000270,2026-09-14,43,09:00,19:45,488521,0
000270,2026-09-15,43,09:00,19:45,463092,0
000270,2026-09-16,43,09:00,19:45,529548,0
000270,2026-09-17,43,09:00,19:45,565032,0
000270,2026-09-18,43,09:00,19:45,784708,0
000270,2026-09-21,43,09:00,19:45,800591,0
000270,2026-09-22,43,09:00,19:45,786788,0
000270,2026-09-23,43,09:00,19:45,798446,0
000660,2025-11-13,27,10:00,16:30,3739508,0
000660,2026-01-02,23,10:00,15:30,4143622,0
000660,2026-09-14,43,09:00,19:45,4000219,0
000660,2026-09-15,43,09:00,19:45,2651084,0
000660,2026-09-16,43,09:00,19:45,2807299,0
000660,2026-09-17,43,09:00,19:45,2673861,0
000660,2026-09-18,43,09:00,19:45,4444838,0
000660,2026-09-21,43,09:00,19:45,2716408,0
000660,2026-09-22,43,09:00,19:45,3216122,0
000660,2026-09-23,43,09:00,19:45,2886114,0
000810,2025-11-13,27,10:00,16:30,127038,0
000810,2026-01-02,23,10:00,15:30,40982,0
000810,2026-09-14,43,09:00,19:45,63920,0
000810,2026-09-15,40,09:00,19:45,96123,0
000810,2026-09-16,40,09:00,19:45,61877,0
000810,2026-09-17,40,09:00,19:45,47922,0
000810,2026-09-18,42,09:00,19:45,145464,0
000810,2026-09-21,40,09:00,19:45,46916,0
000810,2026-09-22,35,09:00,19:45,74675,0
000810,2026-09-23,40,09:00,19:45,60134,0
003550,2025-11-13,27,10:00,16:30,395461,0
003550,2026-01-02,23,10:00,15:30,128437,0
003550,2026-09-14,42,09:00,19:45,200663,0
003550,2026-09-15,43,09:00,19:45,247684,0
003550,2026-09-16,43,09:00,19:45,321869,0
003550,2026-09-17,43,09:00,19:45,195358,0
003550,2026-09-18,42,09:00,19:45,281520,0
003550,2026-09-21,42,09:00,19:45,136873,0
003550,2026-09-22,43,09:00,19:45,253416,0
003550,2026-09-23,43,09:00,19:45,141632,0
003670,2025-11-13,27,10:00,16:30,491197,0
003670,2026-01-02,23,10:00,15:30,557242,0
003670,2026-09-14,43,09:00,19:45,197333,0
003670,2026-09-15,43,09:00,19:45,411846,0
003670,2026-09-16,43,09:00,19:45,294190,0
003670,2026-09-17,43,09:00,19:45,208999,0
003670,2026-09-18,43,09:00,19:45,196638,0
003670,2026-09-21,43,09:00,19:45,225045,0
003670,2026-09-22,43,09:00,19:45,365081,0
003670,2026-09-23,43,09:00,19:45,555377,0
005380,2025-11-13,27,10:00,16:30,679381,0
005380,2026-01-02,23,10:00,15:30,922421,0
005380,2026-09-14,43,09:00,19:45,511437,0
005380,2026-09-15,43,09:00,19:45,287552,0
005380,2026-09-16,43,09:00,19:45,482107,0
005380,2026-09-17,43,09:00,19:45,374213,0
005380,2026-09-18,43,09:00,19:45,515997,0
005380,2026-09-21,43,09:00,19:45,459412,0
005380,2026-09-22,43,09:00,19:45,453930,0
005380,2026-09-23,43,09:00,19:45,550575,0
005490,2025-11-13,27,10:00,16:30,633025,0
005490,2026-01-02,23,10:00,15:30,424158,0
005490,2026-09-14,43,09:00,19:45,234977,0
005490,2026-09-15,43,09:00,19:45,250543,0
005490,2026-09-16,43,09:00,19:45,156849,0
005490,2026-09-17,43,09:00,19:45,112388,0
005490,2026-09-18,43,09:00,19:45,286766,0
005490,2026-09-21,43,09:00,19:45,189800,0
005490,2026-09-22,43,09:00,19:45,169829,0
005490,2026-09-23,43,09:00,19:45,194134,0
005930,2025-11-13,27,10:00,16:30,20831617,0
005930,2026-01-02,23,10:00,15:30,29423028,0
005930,2026-09-14,43,09:00,19:45,17757580,0
005930,2026-09-15,43,09:00,19:45,11435479,0
005930,2026-09-16,43,09:00,19:45,11437952,0
005930,2026-09-17,43,09:00,19:45,11308613,0
005930,2026-09-18,43,09:00,19:45,15042569,0
005930,2026-09-21,43,09:00,19:45,22223575,0
005930,2026-09-22,43,09:00,19:45,17921060,0
005930,2026-09-23,43,09:00,19:45,19385052,0
006400,2025-11-13,27,10:00,16:30,672007,0
006400,2026-01-02,23,10:00,15:30,590904,0
006400,2026-09-14,43,09:00,19:45,332979,0
006400,2026-09-15,43,09:00,19:45,404777,0
006400,2026-09-16,43,09:00,19:45,303354,0
006400,2026-09-17,43,09:00,19:45,189730,0
006400,2026-09-18,43,09:00,19:45,309984,0
006400,2026-09-21,43,09:00,19:45,290033,0
006400,2026-09-22,43,09:00,19:45,209039,0
006400,2026-09-23,43,09:00,19:45,376430,0
006800,2025-11-13,27,10:00,16:30,4000702,0
006800,2026-01-02,23,10:00,15:30,5536466,0
006800,2026-09-14,43,09:00,19:45,711283,0
006800,2026-09-15,43,09:00,19:45,765573,0
006800,2026-09-16,43,09:00,19:45,709218,0
006800,2026-09-17,43,09:00,19:45,788131,0
006800,2026-09-18,43,09:00,19:45,936872,0
006800,2026-09-21,43,09:00,19:45,674934,0
006800,2026-09-22,43,09:00,19:45,1937846,0
006800,2026-09-23,43,09:00,19:45,806683,0
009150,2025-11-13,27,10:00,16:30,495615,0
009150,2026-01-02,23,10:00,15:30,714890,0
009150,2026-09-14,43,09:00,19:45,477477,0
009150,2026-09-15,43,09:00,19:45,312818,0
009150,2026-09-16,43,09:00,19:45,430273,0
009150,2026-09-17,43,09:00,19:45,429168,0
009150,2026-09-18,43,09:00,19:45,855518,0
009150,2026-09-21,43,09:00,19:45,571885,0
009150,2026-09-22,43,09:00,19:45,908251,0
009150,2026-09-23,43,09:00,19:45,496091,0
009540,2025-11-13,27,10:00,16:30,297113,0
009540,2026-01-02,23,10:00,15:30,256320,0
009540,2026-09-14,43,09:00,19:45,91886,0
009540,2026-09-15,42,09:00,19:45,164658,0
009540,2026-09-16,43,09:00,19:45,164057,0
009540,2026-09-17,42,09:00,19:45,182573,0
009540,2026-09-18,42,09:00,19:45,165787,0
009540,2026-09-21,43,09:00,19:45,133465,0
009540,2026-09-22,41,09:00,19:45,132159,0
009540,2026-09-23,42,09:00,19:45,112468,0
010120,2025-11-13,27,10:00,16:30,186579,0
010120,2026-01-02,23,10:00,15:30,201980,0
010120,2026-09-14,43,09:00,19:45,310634,0
010120,2026-09-15,43,09:00,19:45,449040,0
010120,2026-09-16,43,09:00,19:45,410543,0
010120,2026-09-17,43,09:00,19:45,288005,0
010120,2026-09-18,43,09:00,19:45,728808,0
010120,2026-09-21,43,09:00,19:45,274284,0
010120,2026-09-22,43,09:00,19:45,444006,0
010120,2026-09-23,43,09:00,19:45,332290,0
010130,2025-11-13,27,10:00,16:30,57290,0
010130,2026-01-02,23,10:00,15:30,38627,0
010130,2026-09-14,43,09:00,19:45,15060,0
010130,2026-09-15,43,09:00,19:45,12767,0
010130,2026-09-16,43,09:00,19:45,11494,0
010130,2026-09-17,43,09:00,19:45,13117,0
010130,2026-09-18,43,09:00,19:45,24368,0
010130,2026-09-21,43,09:00,19:45,8922,0
010130,2026-09-22,43,09:00,19:45,19155,0
010130,2026-09-23,42,09:00,19:45,8388,0
010140,2025-11-13,27,10:00,16:30,4444783,0
010140,2026-01-02,23,10:00,15:30,3718954,0
010140,2026-09-14,43,09:00,19:45,4705935,0
010140,2026-09-15,43,09:00,19:45,4014846,0
010140,2026-09-16,43,09:00,19:45,2332780,0
010140,2026-09-17,43,09:00,19:45,4575584,0
010140,2026-09-18,43,09:00,19:45,3274049,0
010140,2026-09-21,43,09:00,19:45,2155430,0
010140,2026-09-22,43,09:00,19:45,1641316,0
010140,2026-09-23,43,09:00,19:45,2284205,0
010950,2025-11-13,27,10:00,16:30,542107,0
010950,2026-01-02,23,10:00,15:30,226535,0
010950,2026-09-14,43,09:00,19:45,290855,0
010950,2026-09-15,43,09:00,19:45,346265,0
010950,2026-09-16,43,09:00,19:45,268448,0
010950,2026-09-17,43,09:00,19:45,324327,0
010950,2026-09-18,43,09:00,19:45,311699,0
010950,2026-09-21,43,09:00,19:45,336267,0
010950,2026-09-22,43,09:00,19:45,437500,0
010950,2026-09-23,43,09:00,19:45,376025,0
011200,2025-11-13,27,10:00,16:30,1510829,0
011200,2026-01-02,23,10:00,15:30,1345331,0
011200,2026-09-14,43,09:00,19:45,892619,0
011200,2026-09-15,43,09:00,19:45,670391,0
011200,2026-09-16,43,09:00,19:45,762719,0
011200,2026-09-17,43,09:00,19:45,667949,0
011200,2026-09-18,43,09:00,19:45,1494362,0
011200,2026-09-21,42,09:00,19:45,472293,0
011200,2026-09-22,43,09:00,19:45,385779,0
011200,2026-09-23,43,09:00,19:45,562695,0
012330,2025-11-13,27,10:00,16:30,162932,0
012330,2026-01-02,23,10:00,15:30,230819,0
012330,2026-09-14,43,09:00,19:45,200470,0
012330,2026-09-15,43,09:00,19:45,226048,0
012330,2026-09-16,43,09:00,19:45,298400,0
012330,2026-09-17,43,09:00,19:45,268415,0
012330,2026-09-18,43,09:00,19:45,335447,0
012330,2026-09-21,43,09:00,19:45,211851,0
012330,2026-09-22,43,09:00,19:45,268939,0
012330,2026-09-23,43,09:00,19:45,187168,0
012450,2025-11-13,27,10:00,16:30,118136,0
012450,2026-01-02,23,10:00,15:30,144602,0
012450,2026-09-14,43,09:00,19:45,196309,0
012450,2026-09-15,43,09:00,19:45,161277,0
012450,2026-09-16,43,09:00,19:45,98608,0
012450,2026-09-17,43,09:00,19:45,142759,0
012450,2026-09-18,43,09:00,19:45,131229,0
012450,2026-09-21,43,09:00,19:45,114679,0
012450,2026-09-22,43,09:00,19:45,90474,0
012450,2026-09-23,43,09:00,19:45,129794,0
015760,2025-11-13,27,10:00,16:30,11075413,0
015760,2026-01-02,23,10:00,15:30,2308233,0
015760,2026-09-14,43,09:00,19:45,1375136,0
015760,2026-09-15,43,09:00,19:45,1232101,0
015760,2026-09-16,43,09:00,19:45,1086522,0
015760,2026-09-17,43,09:00,19:45,791394,0
015760,2026-09-18,43,09:00,19:45,1519584,0
015760,2026-09-21,43,09:00,19:45,814274,0
015760,2026-09-22,43,09:00,19:45,1159569,0
015760,2026-09-23,43,09:00,19:45,1512317,0
017670,2025-11-13,27,10:00,16:30,843432,0
017670,2026-01-02,23,10:00,15:30,509639,0
017670,2026-09-14,43,09:00,19:45,656882,0
017670,2026-09-15,43,09:00,19:45,738025,0
017670,2026-09-16,43,09:00,19:45,593702,0
017670,2026-09-17,43,09:00,19:45,480042,0
017670,2026-09-18,43,09:00,19:45,1720840,0
017670,2026-09-21,43,09:00,19:45,766116,0
017670,2026-09-22,43,09:00,19:45,795394,0
017670,2026-09-23,43,09:00,19:45,567429,0
018260,2025-11-13,27,10:00,16:30,203286,0
018260,2026-01-02,23,10:00,15:30,193272,0
018260,2026-09-14,43,09:00,19:45,143274,0
018260,2026-09-15,43,09:00,19:45,110302,0
018260,2026-09-16,43,09:00,19:45,111234,0
018260,2026-09-17,43,09:00,19:45,97382,0
018260,2026-09-18,43,09:00,19:45,189267,0
018260,2026-09-21,43,09:00,19:45,118291,0
018260,2026-09-22,43,09:00,19:45,110426,0
018260,2026-09-23,43,09:00,19:45,94796,0
024110,2025-11-13,27,10:00,16:30,1498269,0
024110,2026-01-02,23,10:00,15:30,1158047,0
024110,2026-09-14,43,09:00,19:45,983012,0
024110,2026-09-15,43,09:00,19:45,707951,0
024110,2026-09-16,43,09:00,19:45,796582,0
024110,2026-09-17,42,09:00,19:45,538989,0
024110,2026-09-18,41,09:00,19:45,1021872,0
024110,2026-09-21,40,09:00,19:45,748071,0
024110,2026-09-22,41,09:00,19:45,681609,0
024110,2026-09-23,42,09:00,19:45,1485880,0
028260,2025-11-13,27,10:00,16:30,269187,0
028260,2026-01-02,23,10:00,15:30,342708,0
028260,2026-09-14,43,09:00,19:45,304927,0
028260,2026-09-15,43,09:00,19:45,281242,0
028260,2026-09-16,43,09:00,19:45,235782,0
028260,2026-09-17,43,09:00,19:45,177746,0
028260,2026-09-18,43,09:00,19:45,298946,0
028260,2026-09-21,43,09:00,19:45,312546,0
028260,2026-09-22,43,09:00,19:45,266661,0
028260,2026-09-23,43,09:00,19:45,275715,0
032830,2025-11-13,27,10:00,16:30,332015,0
032830,2026-01-02,23,10:00,15:30,266320,0
032830,2026-09-14,43,09:00,19:45,438994,0
032830,2026-09-15,42,09:00,19:45,329258,0
032830,2026-09-16,43,09:00,19:45,262214,0
032830,2026-09-17,43,09:00,19:45,222880,0
032830,2026-09-18,43,09:00,19:45,284385,0
032830,2026-09-21,43,09:00,19:45,322470,0
032830,2026-09-22,43,09:00,19:45,217843,0
032830,2026-09-23,42,09:00,19:45,223072,0
033780,2025-11-13,27,10:00,16:30,321910,0
033780,2026-01-02,23,10:00,15:30,249112,0
033780,2026-09-14,43,09:00,19:45,152627,0
033780,2026-09-15,43,09:00,19:45,103855,0
033780,2026-09-16,41,09:00,19:45,130637,0
033780,2026-09-17,43,09:00,19:45,193437,0
033780,2026-09-18,43,09:00,19:45,266754,0
033780,2026-09-21,42,09:00,19:45,172525,0
033780,2026-09-22,43,09:00,19:45,368592,0
033780,2026-09-23,43,09:00,19:45,266604,0
034020,2025-11-13,27,10:00,16:30,7944238,0
034020,2026-01-02,23,10:00,15:30,2800521,0
034020,2026-09-14,43,09:00,19:45,3232566,0
034020,2026-09-15,43,09:00,19:45,2201303,0
034020,2026-09-16,43,09:00,19:45,2140785,0
034020,2026-09-17,43,09:00,19:45,1747314,0
034020,2026-09-18,43,09:00,19:45,2326458,0
034020,2026-09-21,43,09:00,19:45,1724152,0
034020,2026-09-22,43,09:00,19:45,3019059,0
034020,2026-09-23,43,09:00,19:45,4585871,0
034730,2025-11-13,27,10:00,16:30,319404,0
034730,2026-01-02,23,10:00,15:30,117973,0
034730,2026-09-14,43,09:00,19:45,78276,0
034730,2026-09-15,43,09:00,19:45,87020,0
034730,2026-09-16,42,09:00,19:45,98258,0
034730,2026-09-17,43,09:00,19:45,119898,0
034730,2026-09-18,42,09:00,19:45,252945,0
034730,2026-09-21,43,09:00,19:45,98222,0
034730,2026-09-22,43,09:00,19:45,115181,0
034730,2026-09-23,43,09:00,19:45,129962,0
035420,2025-11-13,27,10:00,16:30,723877,0
035420,2026-01-02,23,10:00,15:30,1361912,0
035420,2026-09-14,43,09:00,19:45,384536,0
035420,2026-09-15,43,09:00,19:45,374551,0
035420,2026-09-16,43,09:00,19:45,525236,0
035420,2026-09-17,43,09:00,19:45,579237,0
035420,2026-09-18,43,09:00,19:45,1282168,0
035420,2026-09-21,43,09:00,19:45,616967,0
035420,2026-09-22,43,09:00,19:45,494786,0
035420,2026-09-23,43,09:00,19:45,1148820,0
042660,2025-11-13,27,10:00,16:30,1618791,0
042660,2026-01-02,23,10:00,15:30,1511002,0
042660,2026-09-14,43,09:00,19:45,549284,0
042660,2026-09-15,43,09:00,19:45,780715,0
042660,2026-09-16,43,09:00,19:45,481527,0
042660,2026-09-17,43,09:00,19:45,666345,0
042660,2026-09-18,43,09:00,19:45,525306,0
042660,2026-09-21,43,09:00,19:45,509520,0
042660,2026-09-22,43,09:00,19:45,451411,0
042660,2026-09-23,43,09:00,19:45,887793,0
042700,2025-11-13,27,10:00,16:30,988319,0
042700,2026-01-02,23,10:00,15:30,3357010,0
042700,2026-09-14,43,09:00,19:45,514706,0
042700,2026-09-15,43,09:00,19:45,529125,0
042700,2026-09-16,43,09:00,19:45,506977,0
042700,2026-09-17,43,09:00,19:45,302759,0
042700,2026-09-18,43,09:00,19:45,557950,0
042700,2026-09-21,43,09:00,19:45,349101,0
042700,2026-09-22,43,09:00,19:45,539012,0
042700,2026-09-23,43,09:00,19:45,369301,0
051910,2025-11-13,27,10:00,16:30,676555,0
051910,2026-01-02,23,10:00,15:30,246622,0
051910,2026-09-14,43,09:00,19:45,160289,0
051910,2026-09-15,43,09:00,19:45,180447,0
051910,2026-09-16,40,09:00,19:45,170905,0
051910,2026-09-17,41,09:00,19:45,132003,0
051910,2026-09-18,42,09:00,19:45,161749,0
051910,2026-09-21,43,09:00,19:45,175819,0
051910,2026-09-22,43,09:00,19:45,191258,0
051910,2026-09-23,43,09:00,19:45,142057,0
055550,2025-11-13,27,10:00,16:30,1660648,0
055550,2026-01-02,23,10:00,15:30,637463,0
055550,2026-09-14,43,09:00,19:45,920219,0
055550,2026-09-15,43,09:00,19:45,878038,0
055550,2026-09-16,41,09:00,19:45,783009,0
055550,2026-09-17,43,09:00,19:45,835752,0
055550,2026-09-18,43,09:00,19:45,1561365,0
055550,2026-09-21,43,09:00,19:45,1009788,0
055550,2026-09-22,43,09:00,19:45,730685,0
055550,2026-09-23,43,09:00,19:45,895919,0
066570,2025-11-13,27,10:00,16:30,1173664,0
066570,2026-01-02,23,10:00,15:30,466847,0
066570,2026-09-14,43,09:00,19:45,509165,0
066570,2026-09-15,43,09:00,19:45,454670,0
066570,2026-09-16,43,09:00,19:45,393254,0
066570,2026-09-17,43,09:00,19:45,396900,0
066570,2026-09-18,43,09:00,19:45,797508,0
066570,2026-09-21,43,09:00,19:45,497341,0
066570,2026-09-22,43,09:00,19:45,1625088,0
066570,2026-09-23,43,09:00,19:45,544064,0
068270,2025-11-13,27,10:00,16:30,3385509,0
068270,2026-01-02,23,10:00,15:30,3440513,0
068270,2026-09-14,43,09:00,19:45,396196,0
068270,2026-09-15,43,09:00,19:45,202702,0
068270,2026-09-16,43,09:00,19:45,259646,0
068270,2026-09-17,43,09:00,19:45,328926,0
068270,2026-09-18,43,09:00,19:45,640709,0
068270,2026-09-21,43,09:00,19:45,244567,0
068270,2026-09-22,43,09:00,19:45,336667,0
068270,2026-09-23,43,09:00,19:45,294934,0
079550,2025-11-13,27,10:00,16:30,116448,0
079550,2026-01-02,23,10:00,15:30,124193,0
079550,2026-09-14,43,09:00,19:45,116334,0
079550,2026-09-15,43,09:00,19:45,86001,0
079550,2026-09-16,43,09:00,19:45,37142,0
079550,2026-09-17,43,09:00,19:45,142536,0
079550,2026-09-18,43,09:00,19:45,108442,0
079550,2026-09-21,43,09:00,19:45,131176,0
079550,2026-09-22,43,09:00,19:45,63701,0
079550,2026-09-23,43,09:00,19:45,65278,0
086280,2025-11-13,27,10:00,16:30,182736,0
086280,2026-01-02,23,10:00,15:30,124293,0
086280,2026-09-14,43,09:00,19:45,82900,0
086280,2026-09-15,42,09:00,19:45,75455,0
086280,2026-09-16,40,09:00,19:45,178769,0
086280,2026-09-17,43,09:00,19:45,136193,0
086280,2026-09-18,42,09:00,19:45,149837,0
086280,2026-09-21,40,09:00,19:45,157521,0
086280,2026-09-22,37,09:00,19:45,153696,0
086280,2026-09-23,43,09:00,19:45,218216,0
086790,2025-11-13,27,10:00,16:30,1167482,0
086790,2026-01-02,23,10:00,15:30,468891,0
086790,2026-09-14,43,09:00,19:45,714312,0
086790,2026-09-15,43,09:00,19:45,517306,0
086790,2026-09-16,43,09:00,19:45,570681,0
086790,2026-09-17,43,09:00,19:45,690903,0
086790,2026-09-18,43,09:00,19:45,1040121,0
086790,2026-09-21,40,09:00,19:45,420041,0
086790,2026-09-22,43,09:00,19:45,492364,0
086790,2026-09-23,42,09:00,19:45,633745,0
096770,2025-11-13,27,10:00,16:30,402321,0
096770,2026-01-02,23,10:00,15:30,222145,0
096770,2026-09-14,43,09:00,19:45,929818,0
096770,2026-09-15,43,09:00,19:45,963255,0
096770,2026-09-16,43,09:00,19:45,512134,0
096770,2026-09-17,43,09:00,19:45,534485,0
096770,2026-09-18,43,09:00,19:45,620079,0
096770,2026-09-21,43,09:00,19:45,574085,0
096770,2026-09-22,43,09:00,19:45,702566,0
096770,2026-09-23,43,09:00,19:45,999300,0
105560,2025-11-13,27,10:00,16:30,1397542,0
105560,2026-01-02,23,10:00,15:30,646060,0
105560,2026-09-14,43,09:00,19:45,1078469,0
105560,2026-09-15,43,09:00,19:45,1159376,0
105560,2026-09-16,43,09:00,19:45,996955,0
105560,2026-09-17,43,09:00,19:45,907943,0
105560,2026-09-18,43,09:00,19:45,1085571,0
105560,2026-09-21,43,09:00,19:45,676174,0
105560,2026-09-22,43,09:00,19:45,682016,0
105560,2026-09-23,43,09:00,19:45,679189,0
138040,2025-11-13,27,10:00,16:30,268129,0
138040,2026-01-02,23,10:00,15:30,182809,0
138040,2026-09-14,43,09:00,19:45,252278,0
138040,2026-09-15,41,09:00,19:45,181670,0
138040,2026-09-16,42,09:00,19:45,188887,0
138040,2026-09-17,42,09:00,19:45,218004,0
138040,2026-09-18,39,09:00,19:45,235852,0
138040,2026-09-21,43,09:00,19:45,168539,0
138040,2026-09-22,36,09:00,19:45,169345,0
138040,2026-09-23,43,09:00,19:45,148894,0
207940,2026-01-02,23,10:00,15:30,46679,0
207940,2026-09-14,43,09:00,19:45,32516,0
207940,2026-09-15,41,09:00,19:45,25131,0
207940,2026-09-16,41,09:00,19:45,33593,0
207940,2026-09-17,43,09:00,19:45,30353,0
207940,2026-09-18,42,09:00,19:45,32905,0
207940,2026-09-21,40,09:00,19:45,30134,0
207940,2026-09-22,43,09:00,19:45,29801,0
207940,2026-09-23,42,09:00,19:45,37490,0
267250,2025-11-13,27,10:00,16:30,221699,0
267250,2026-01-02,23,10:00,15:30,147337,0
267250,2026-09-14,43,09:00,19:45,124010,0
267250,2026-09-15,43,09:00,19:45,157358,0
267250,2026-09-16,43,09:00,19:45,145068,0
267250,2026-09-17,42,09:00,19:45,127879,0
267250,2026-09-18,43,09:00,19:45,401250,0
267250,2026-09-21,42,09:00,19:45,128619,0
267250,2026-09-22,43,09:00,19:45,142945,0
267250,2026-09-23,42,09:00,19:45,153547,0
267260,2025-11-13,27,10:00,16:30,175099,0
267260,2026-01-02,23,10:00,15:30,132717,0
267260,2026-09-14,43,09:00,19:45,50859,0
267260,2026-09-15,43,09:00,19:45,136400,0
267260,2026-09-16,43,09:00,19:45,97381,0
267260,2026-09-17,43,09:00,19:45,72492,0
267260,2026-09-18,43,09:00,19:45,125371,0
267260,2026-09-21,43,09:00,19:45,54950,0
267260,2026-09-22,42,09:00,19:45,78931,0
267260,2026-09-23,43,09:00,19:45,70829,0
298040,2025-11-13,27,10:00,16:30,51175,0
298040,2026-01-02,23,10:00,15:30,49874,0
298040,2026-09-14,43,09:00,19:45,20235,0
298040,2026-09-15,43,09:00,19:45,42458,0
298040,2026-09-16,42,09:00,19:45,39435,0
298040,2026-09-17,43,09:00,19:45,32504,0
298040,2026-09-18,43,09:00,19:45,50247,0
298040,2026-09-21,43,09:00,19:45,28410,0
298040,2026-09-22,43,09:00,19:45,34193,0
298040,2026-09-23,43,09:00,19:45,27462,0
316140,2025-11-13,27,10:00,16:30,2629298,0
316140,2026-01-02,23,10:00,15:30,1116480,0
316140,2026-09-14,43,09:00,19:45,4712956,0
316140,2026-09-15,43,09:00,19:45,2625591,0
316140,2026-09-16,43,09:00,19:45,2194029,0
316140,2026-09-17,43,09:00,19:45,2020379,0
316140,2026-09-18,43,09:00,19:45,3330552,0
316140,2026-09-21,43,09:00,19:45,1150058,0
316140,2026-09-22,42,09:00,19:45,1470362,0
316140,2026-09-23,43,09:00,19:45,1398444,0
329180,2025-11-13,27,10:00,16:30,342637,0
329180,2026-01-02,23,10:00,15:30,225951,0
329180,2026-09-14,43,09:00,19:45,293565,0
329180,2026-09-15,43,09:00,19:45,302628,0
329180,2026-09-16,43,09:00,19:45,153713,0
329180,2026-09-17,43,09:00,19:45,272861,0
329180,2026-09-18,43,09:00,19:45,195094,0
329180,2026-09-21,43,09:00,19:45,212050,0
329180,2026-09-22,43,09:00,19:45,153572,0
329180,2026-09-23,43,09:00,19:45,190465,0
373220,2025-11-13,27,10:00,16:30,617629,0
373220,2026-01-02,23,10:00,15:30,328105,0
373220,2026-09-14,43,09:00,19:45,192751,0
373220,2026-09-15,43,09:00,19:45,337242,0
373220,2026-09-16,43,09:00,19:45,300276,0
373220,2026-09-17,43,09:00,19:45,172767,0
373220,2026-09-18,43,09:00,19:45,224318,0
373220,2026-09-21,43,09:00,19:45,314679,0
373220,2026-09-22,43,09:00,19:45,259262,0
373220,2026-09-23,43,09:00,19:45,222728,0
402340,2025-11-13,27,10:00,16:30,551401,0
402340,2026-01-02,23,10:00,15:30,423057,0
402340,2026-09-14,43,09:00,19:45,523327,0
402340,2026-09-15,43,09:00,19:45,338492,0
402340,2026-09-16,43,09:00,19:45,338382,0
402340,2026-09-17,43,09:00,19:45,313538,0
402340,2026-09-18,43,09:00,19:45,516052,0
402340,2026-09-21,43,09:00,19:45,502078,0
402340,2026-09-22,43,09:00,19:45,585196,0
402340,2026-09-23,43,09:00,19:45,640292,0
