code,bar_interval_min,bars_per_day_median,bars_per_day_min,bars_per_day_max,first_bar_mode,first_bar_mode_share,last_bar_mode,last_bar_mode_share,zero_vol_bar_pct,ohlc_violation_bars,presence_09:00,volshare_09:00,presence_09:15,volshare_09:15,presence_09:30,volshare_09:30,presence_15:00,volshare_15:00,presence_15:15,volshare_15:15,presence_15:20,volshare_15:20,presence_15:30,volshare_15:30,presence_15:45,volshare_15:45
000150,15.0,27.0,23,43,09:00,0.9923,15:30,0.9654,0.0,0,0.9923,0.1083,0.9885,0.0679,0.9923,0.0558,1.0,0.042,1.0,0.0156,0.0,0.0,1.0,0.0491,0.0038,0.0188
000270,15.0,27.0,23,43,09:00,0.9923,15:30,0.9654,0.0,0,0.9923,0.1205,0.9885,0.0589,0.9923,0.0477,1.0,0.0424,1.0,0.0166,0.0,0.0,1.0,0.1196,0.0038,0.0201
000660,15.0,27.0,23,43,09:00,0.9923,15:30,0.9654,0.0,0,0.9923,0.1444,0.9885,0.061,0.9923,0.0487,1.0,0.0426,1.0,0.0172,0.0,0.0,1.0,0.0878,0.0038,0.0528
000810,15.0,27.0,23,43,09:00,0.9923,15:30,0.9654,0.0,0,0.9923,0.0959,0.9885,0.0463,0.9923,0.0395,1.0,0.0493,1.0,0.0229,0.0,0.0,1.0,0.1534,0.0038,0.0441
003550,15.0,27.0,23,43,09:00,0.9923,15:30,0.9654,0.0,0,0.9923,0.0888,0.9885,0.0525,0.9923,0.045,1.0,0.0481,1.0,0.02,0.0,0.0,1.0,0.1233,0.0038,0.032
003670,15.0,27.0,23,43,09:00,0.9923,15:30,0.9654,0.0,0,0.9923,0.1378,0.9885,0.078,0.9923,0.0602,1.0,0.0443,1.0,0.0164,0.0,0.0,1.0,0.0577,0.0038,0.024
005380,15.0,27.0,23,43,09:00,0.9923,15:30,0.9654,0.0,0,0.9923,0.135,0.9885,0.0718,0.9923,0.0543,1.0,0.0368,1.0,0.0153,0.0,0.0,1.0,0.0735,0.0038,0.0231
005490,15.0,27.0,23,43,09:00,0.9923,15:30,0.9654,0.0,0,0.9923,0.1255,0.9885,0.0683,0.9923,0.0535,1.0,0.0493,1.0,0.0188,0.0,0.0,1.0,0.0942,0.0038,0.0067
005930,15.0,27.0,23,43,09:00,0.9923,15:30,0.9654,0.0,0,0.9923,0.1381,0.9885,0.0611,0.9923,0.0475,1.0,0.0388,1.0,0.0155,0.0,0.0,1.0,0.092,0.0038,0.0276
006400,15.0,27.0,23,43,09:00,0.9923,15:30,0.9654,0.0,0,0.9923,0.1465,0.9885,0.0769,0.9923,0.0576,1.0,0.0455,1.0,0.0172,0.0,0.0,1.0,0.0678,0.0038,0.0266
006800,15.0,27.0,23,43,09:00,0.9923,15:30,0.9654,0.0,0,0.9923,0.1309,0.9885,0.0743,0.9923,0.0624,1.0,0.0369,1.0,0.0149,0.0,0.0,1.0,0.0527,0.0038,0.0244
009150,15.0,27.0,23,43,09:00,0.9923,15:30,0.9654,0.0,0,0.9923,0.1414,0.9885,0.0741,0.9923,0.0597,1.0,0.0374,1.0,0.0146,0.0,0.0,1.0,0.0525,0.0038,0.024
009540,15.0,27.0,23,43,09:00,0.9923,15:30,0.9654,0.0,0,0.9923,0.1084,0.9885,0.0583,0.9923,0.0463,1.0,0.0424,1.0,0.0179,0.0,0.0,1.0,0.1185,0.0038,0.029
010120,15.0,27.0,23,43,09:00,0.9922,15:30,0.965,0.0,0,0.9922,0.1479,0.9883,0.0781,0.9922,0.0564,1.0,0.0374,1.0,0.0145,0.0,0.0,1.0,0.0549,0.0039,0.0283
010130,15.0,27.0,23,43,09:00,0.9923,15:30,0.9654,0.0,0,0.9923,0.0998,0.9885,0.0615,0.9923,0.0519,1.0,0.043,1.0,0.0184,0.0,0.0,1.0,0.0819,0.0038,0.0293
010140,15.0,27.0,23,43,09:00,0.9923,15:30,0.9654,0.0,0,0.9923,0.1301,0.9885,0.0677,0.9923,0.0529,1.0,0.0393,1.0,0.0162,0.0,0.0,1.0,0.0846,0.0038,0.0251
010950,15.0,27.0,23,43,09:00,0.9923,15:30,0.9654,0.0,0,0.9923,0.0973,0.9885,0.0639,0.9923,0.0516,1.0,0.044,1.0,0.016,0.0,0.0,1.0,0.0568,0.0038,0.0247
011200,15.0,27.0,23,43,09:00,0.9923,15:30,0.9654,0.0,0,0.9923,0.1118,0.9885,0.0619,0.9923,0.0505,1.0,0.0432,1.0,0.0191,0.0,0.0,1.0,0.0911,0.0038,0.0243
012330,15.0,27.0,23,43,09:00,0.9923,15:30,0.9654,0.0,0,0.9923,0.121,0.9885,0.0641,0.9923,0.0491,1.0,0.0418,1.0,0.0165,0.0,0.0,1.0,0.0935,0.0038,0.0398
012450,15.0,27.0,23,43,09:00,0.9923,15:30,0.9654,0.0,0,0.9923,0.1261,0.9885,0.064,0.9923,0.0489,1.0,0.0443,1.0,0.018,0.0,0.0,1.0,0.0911,0.0038,0.0322
015760,15.0,27.0,23,43,09:00,0.9923,15:30,0.9654,0.0,0,0.9923,0.1409,0.9885,0.0738,0.9923,0.0576,1.0,0.0371,1.0,0.0159,0.0,0.0,1.0,0.061,0.0038,0.0571
017670,15.0,27.0,23,43,09:00,0.9923,15:30,0.9654,0.0,0,0.9923,0.1094,0.9885,0.0582,0.9923,0.0484,1.0,0.0454,1.0,0.0195,0.0,0.0,1.0,0.1,0.0038,0.0253
018260,15.0,27.0,23,43,09:00,0.9923,15:30,0.9654,0.0,0,0.9923,0.1,0.9885,0.0584,0.9923,0.0487,1.0,0.0435,1.0,0.0166,0.0,0.0,1.0,0.0826,0.0038,0.0347
024110,15.0,27.0,23,43,09:00,0.9923,15:30,0.9654,0.0,0,0.9923,0.0909,0.9885,0.0532,0.9923,0.047,1.0,0.0492,1.0,0.0249,0.0,0.0,1.0,0.1173,0.0038,0.0302
028260,15.0,27.0,23,43,09:00,0.9923,15:30,0.9654,0.0,0,0.9923,0.1027,0.9885,0.0566,0.9923,0.0455,1.0,0.0442,1.0,0.0188,0.0,0.0,1.0,0.1034,0.0038,0.0371
032830,15.0,27.0,23,43,09:00,0.9923,15:30,0.9654,0.0,0,0.9923,0.0883,0.9885,0.0496,0.9923,0.0431,1.0,0.0466,1.0,0.0182,0.0,0.0,1.0,0.1122,0.0038,0.0178
033780,15.0,27.0,23,43,09:00,0.9923,15:30,0.9654,0.0,0,0.9923,0.0698,0.9885,0.0447,0.9923,0.0396,1.0,0.0509,1.0,0.0194,0.0,0.0,1.0,0.1237,0.0038,0.0327
034020,15.0,27.0,23,43,09:00,0.9923,15:30,0.9654,0.0,0,0.9923,0.1631,0.9885,0.0771,0.9923,0.0593,1.0,0.0349,1.0,0.0142,0.0,0.0,1.0,0.0499,0.0038,0.072
034730,15.0,27.0,23,43,09:00,0.9923,15:30,0.9654,0.0,0,0.9923,0.1015,0.9885,0.0611,0.9923,0.05,1.0,0.0414,1.0,0.0165,0.0,0.0,1.0,0.0822,0.0038,0.0287
035420,15.0,27.0,23,43,09:00,0.9923,15:30,0.9654,0.0,0,0.9923,0.1338,0.9885,0.07,0.9923,0.0534,1.0,0.04,1.0,0.0165,0.0,0.0,1.0,0.0708,0.0038,0.0113
042660,15.0,27.0,23,43,09:00,0.9923,15:30,0.9654,0.0,0,0.9923,0.1472,0.9885,0.0797,0.9923,0.0582,1.0,0.0364,1.0,0.0145,0.0,0.0,1.0,0.056,0.0038,0.044
042700,15.0,27.0,23,43,09:00,0.9923,15:30,0.9654,0.0,0,0.9923,0.1488,0.9885,0.0753,0.9923,0.0594,1.0,0.0502,1.0,0.0213,0.0,0.0,1.0,0.0467,0.0038,0.0205
051910,15.0,27.0,23,43,09:00,0.9923,15:30,0.9654,0.0,0,0.9923,0.1131,0.9885,0.0613,0.9923,0.0475,1.0,0.0593,1.0,0.0213,0.0,0.0,1.0,0.1046,0.0038,0.0279
055550,15.0,27.0,23,43,09:00,0.9923,15:30,0.9654,0.0,0,0.9923,0.111,0.9885,0.0517,0.9923,0.0425,1.0,0.0399,1.0,0.0163,0.0,0.0,1.0,0.1636,0.0038,0.0214
066570,15.0,27.0,23,43,09:00,0.9923,15:30,0.9654,0.0,0,0.9923,0.1404,0.9885,0.0773,0.9923,0.058,1.0,0.0355,1.0,0.0147,0.0,0.0,1.0,0.0693,0.0038,0.0123
068270,15.0,27.0,23,43,09:00,0.9923,15:30,0.9654,0.0,0,0.9923,0.1151,0.9885,0.0645,0.9923,0.0504,1.0,0.0414,1.0,0.0213,0.0,0.0,1.0,0.0973,0.0038,0.0105
079550,15.0,27.0,23,43,09:00,0.9923,15:30,0.9654,0.0,0,0.9923,0.1233,0.9885,0.0723,0.9923,0.0559,1.0,0.0433,1.0,0.0164,0.0,0.0,1.0,0.0511,0.0038,0.0231
086280,15.0,27.0,23,43,09:00,0.9923,15:30,0.9654,0.0,0,0.9923,0.0944,0.9885,0.0566,0.9923,0.0462,1.0,0.0492,1.0,0.0189,0.0,0.0,1.0,0.0865,0.0038,0.0309
086790,15.0,27.0,23,43,09:00,0.9923,15:30,0.9654,0.0,0,0.9923,0.0966,0.9885,0.0509,0.9923,0.0424,1.0,0.0416,1.0,0.0168,0.0,0.0,1.0,0.1538,0.0038,0.0223
096770,15.0,27.0,23,43,09:00,0.9923,15:30,0.9654,0.0,0,0.9923,0.1157,0.9885,0.0672,0.9923,0.0543,1.0,0.0555,1.0,0.0202,0.0,0.0,1.0,0.0717,0.0038,0.0198
105560,15.0,27.0,23,43,09:00,0.9923,15:30,0.9654,0.0,0,0.9923,0.1212,0.9885,0.0539,0.9923,0.0452,1.0,0.0396,1.0,0.0155,0.0,0.0,1.0,0.1479,0.0038,0.0223
138040,15.0,27.0,23,43,09:00,0.9923,15:30,0.9654,0.0,0,0.9923,0.0712,0.9885,0.0482,0.9923,0.0445,1.0,0.04,1.0,0.0166,0.0,0.0,1.0,0.0901,0.0038,0.0364
207940,15.0,27.0,23,43,09:00,0.9959,15:30,0.9671,0.0,0,0.9959,0.0857,0.9918,0.0545,0.9959,0.0468,1.0,0.0473,1.0,0.0194,0.0,0.0,1.0,0.1052,0.0,0.0
267250,15.0,27.0,23,43,09:00,0.9923,15:30,0.9654,0.0,0,0.9923,0.0907,0.9885,0.0568,0.9923,0.0459,1.0,0.0452,1.0,0.0195,0.0,0.0,1.0,0.1224,0.0038,0.0271
267260,15.0,27.0,23,43,09:00,0.9923,15:30,0.9654,0.0,0,0.9923,0.1266,0.9885,0.0656,0.9923,0.05,1.0,0.0396,1.0,0.0168,0.0,0.0,1.0,0.0924,0.0038,0.0199
298040,15.0,27.0,23,43,09:00,0.9923,15:30,0.9654,0.0,0,0.9923,0.1169,0.9885,0.0709,0.9923,0.0554,1.0,0.0395,1.0,0.0158,0.0,0.0,1.0,0.0607,0.0038,0.0207
316140,15.0,27.0,23,43,09:00,0.9923,15:30,0.9654,0.0,0,0.9923,0.0983,0.9885,0.0515,0.9923,0.0455,1.0,0.0448,1.0,0.02,0.0,0.0,1.0,0.1493,0.0038,0.0132
329180,15.0,27.0,23,43,09:00,0.9923,15:30,0.9654,0.0,0,0.9923,0.1142,0.9885,0.0615,0.9923,0.0485,1.0,0.0424,1.0,0.0171,0.0,0.0,1.0,0.0848,0.0038,0.0291
373220,15.0,27.0,23,43,09:00,0.9923,15:30,0.9654,0.0,0,0.9923,0.1143,0.9885,0.0613,0.9923,0.0483,1.0,0.0594,1.0,0.0204,0.0,0.0,1.0,0.0754,0.0038,0.0214
402340,15.0,27.0,23,43,09:00,0.9923,15:30,0.9654,0.0,0,0.9923,0.1149,0.9885,0.0579,0.9923,0.0479,1.0,0.0455,1.0,0.0178,0.0,0.0,1.0,0.087,0.0038,0.0558
