trade_date,rank,stock_code,name,score,tie_size,top_drivers
2026-09-28,1,000660,SK하이닉스,0.006582729518413544,7,price_to_sma_5:+0.0069;price_to_sma_20:-0.0004;return_20d:+0.0001
2026-09-28,2,010120,LS ELECTRIC,0.006582729518413544,7,price_to_sma_5:+0.0069;price_to_sma_20:-0.0004;return_20d:+0.0001
2026-09-28,3,028260,삼성물산,0.006582729518413544,7,price_to_sma_5:+0.0069;price_to_sma_20:-0.0004;return_20d:+0.0001
2026-09-28,4,034020,두산에너빌리티,0.006582729518413544,7,price_to_sma_5:+0.0069;price_to_sma_20:-0.0004;return_20d:+0.0001
2026-09-28,5,079550,LIG디펜스앤에어로스페이스,0.006582729518413544,7,price_to_sma_5:+0.0069;price_to_sma_20:-0.0004;return_20d:+0.0001
2026-09-28,6,267260,HD현대일렉트릭,0.006582729518413544,7,price_to_sma_5:+0.0069;price_to_sma_20:-0.0004;return_20d:+0.0001
2026-09-28,7,298040,효성중공업,0.006582729518413544,7,price_to_sma_5:+0.0069;price_to_sma_20:-0.0004;return_20d:+0.0001
2026-09-28,8,000150,두산,0.0034465529024600983,2,price_to_sma_5:+0.0037;price_to_sma_20:-0.0004;return_20d:+0.0001
2026-09-28,9,010140,삼성중공업,0.0034465529024600983,2,price_to_sma_5:+0.0037;price_to_sma_20:-0.0004;return_20d:+0.0001
2026-09-28,10,000270,기아,0.002785555785521865,18,price_to_sma_5:+0.0031;price_to_sma_20:-0.0004;return_20d:+0.0001
2026-09-28,11,005380,현대차,0.002785555785521865,18,price_to_sma_5:+0.0031;price_to_sma_20:-0.0004;return_20d:+0.0001
2026-09-28,12,005490,POSCO홀딩스,0.002785555785521865,18,price_to_sma_5:+0.0031;price_to_sma_20:-0.0004;return_20d:+0.0001
2026-09-28,13,005930,삼성전자,0.002785555785521865,18,price_to_sma_5:+0.0031;price_to_sma_20:-0.0004;return_20d:+0.0001
2026-09-28,14,006400,삼성SDI,0.002785555785521865,18,price_to_sma_5:+0.0031;price_to_sma_20:-0.0004;return_20d:+0.0001
2026-09-28,15,006800,미래에셋증권,0.002785555785521865,18,price_to_sma_5:+0.0031;price_to_sma_20:-0.0004;return_20d:+0.0001
2026-09-28,16,009540,HD한국조선해양,0.002785555785521865,18,price_to_sma_5:+0.0031;price_to_sma_20:-0.0004;return_20d:+0.0001
2026-09-28,17,010130,고려아연,0.002785555785521865,18,price_to_sma_5:+0.0031;price_to_sma_20:-0.0004;return_20d:+0.0001
2026-09-28,18,012450,한화에어로스페이스,0.002785555785521865,18,price_to_sma_5:+0.0031;price_to_sma_20:-0.0004;return_20d:+0.0001
2026-09-28,19,018260,삼성에스디에스,0.002785555785521865,18,price_to_sma_5:+0.0031;price_to_sma_20:-0.0004;return_20d:+0.0001
2026-09-28,20,034730,SK,0.002785555785521865,18,price_to_sma_5:+0.0031;price_to_sma_20:-0.0004;return_20d:+0.0001
2026-09-28,21,042660,한화오션,0.002785555785521865,18,price_to_sma_5:+0.0031;price_to_sma_20:-0.0004;return_20d:+0.0001
2026-09-28,22,042700,한미반도체,0.002785555785521865,18,price_to_sma_5:+0.0031;price_to_sma_20:-0.0004;return_20d:+0.0001
2026-09-28,23,068270,셀트리온,0.002785555785521865,18,price_to_sma_5:+0.0031;price_to_sma_20:-0.0004;return_20d:+0.0001
2026-09-28,24,086280,현대글로비스,0.002785555785521865,18,price_to_sma_5:+0.0031;price_to_sma_20:-0.0004;return_20d:+0.0001
2026-09-28,25,105560,KB금융,0.002785555785521865,18,price_to_sma_5:+0.0031;price_to_sma_20:-0.0004;return_20d:+0.0001
2026-09-28,26,329180,HD현대중공업,0.002785555785521865,18,price_to_sma_5:+0.0031;price_to_sma_20:-0.0004;return_20d:+0.0001
2026-09-28,27,402340,SK스퀘어,0.002785555785521865,18,price_to_sma_5:+0.0031;price_to_sma_20:-0.0004;return_20d:+0.0001
2026-09-28,28,003550,LG,0.0014247592771425843,8,price_to_sma_5:+0.0016;price_to_sma_20:-0.0002;return_20d:+0.0001
2026-09-28,29,003670,포스코퓨처엠,0.0014247592771425843,8,price_to_sma_5:+0.0016;price_to_sma_20:-0.0002;return_20d:+0.0001
2026-09-28,30,015760,한국전력,0.0014247592771425843,8,price_to_sma_5:+0.0016;price_to_sma_20:-0.0002;return_20d:+0.0001
2026-09-28,31,017670,SK텔레콤,0.0014247592771425843,8,price_to_sma_5:+0.0016;price_to_sma_20:-0.0002;return_20d:+0.0001
2026-09-28,32,035420,NAVER,0.0014247592771425843,8,price_to_sma_5:+0.0016;price_to_sma_20:-0.0002;return_20d:+0.0001
2026-09-28,33,055550,신한지주,0.0014247592771425843,8,price_to_sma_5:+0.0016;price_to_sma_20:-0.0002;return_20d:+0.0001
2026-09-28,34,086790,하나금융지주,0.0014247592771425843,8,price_to_sma_5:+0.0016;price_to_sma_20:-0.0002;return_20d:+0.0001
2026-09-28,35,207940,삼성바이오로직스,0.0014247592771425843,8,price_to_sma_5:+0.0016;price_to_sma_20:-0.0002;return_20d:+0.0001
2026-09-28,36,051910,LG화학,-0.0029013657476752996,1,price_to_sma_5:-0.0030;return_20d:+0.0002;price_to_sma_20:-0.0001
2026-09-28,37,011200,HMM,-0.003460852662101388,7,price_to_sma_5:-0.0035;return_20d:+0.0002;price_to_sma_20:-0.0001
2026-09-28,38,012330,현대모비스,-0.003460852662101388,7,price_to_sma_5:-0.0035;return_20d:+0.0002;price_to_sma_20:-0.0001
2026-09-28,39,032830,삼성생명,-0.003460852662101388,7,price_to_sma_5:-0.0035;return_20d:+0.0002;price_to_sma_20:-0.0001
2026-09-28,40,033780,KT&G,-0.003460852662101388,7,price_to_sma_5:-0.0035;return_20d:+0.0002;price_to_sma_20:-0.0001
2026-09-28,41,267250,HD현대,-0.003460852662101388,7,price_to_sma_5:-0.0035;return_20d:+0.0002;price_to_sma_20:-0.0001
2026-09-28,42,316140,우리금융지주,-0.003460852662101388,7,price_to_sma_5:-0.0035;return_20d:+0.0002;price_to_sma_20:-0.0001
2026-09-28,43,373220,LG에너지솔루션,-0.003460852662101388,7,price_to_sma_5:-0.0035;return_20d:+0.0002;price_to_sma_20:-0.0001
2026-09-28,44,000810,삼성화재,-0.00476041017100215,6,price_to_sma_5:-0.0048;return_20d:+0.0002;price_to_sma_20:-0.0001
2026-09-28,45,009150,삼성전기,-0.00476041017100215,6,price_to_sma_5:-0.0048;return_20d:+0.0002;price_to_sma_20:-0.0001
2026-09-28,46,010950,S-Oil,-0.00476041017100215,6,price_to_sma_5:-0.0048;return_20d:+0.0002;price_to_sma_20:-0.0001
2026-09-28,47,024110,기업은행,-0.00476041017100215,6,price_to_sma_5:-0.0048;return_20d:+0.0002;price_to_sma_20:-0.0001
2026-09-28,48,066570,LG전자,-0.00476041017100215,6,price_to_sma_5:-0.0048;return_20d:+0.0002;price_to_sma_20:-0.0001
2026-09-28,49,138040,메리츠금융지주,-0.00476041017100215,6,price_to_sma_5:-0.0048;return_20d:+0.0002;price_to_sma_20:-0.0001
2026-09-28,50,096770,SK이노베이션,-0.012723449617624283,1,price_to_sma_5:-0.0070;return_20d:-0.0056;price_to_sma_20:-0.0001
