date,stock_code,status
2026-09-28,005930,ok
2026-09-28,000660,ok
2026-09-28,402340,ok
2026-09-28,009150,ok
2026-09-28,373220,ok
2026-09-28,005380,ok
2026-09-28,207940,ok
2026-09-28,105560,ok
2026-09-28,028260,ok
2026-09-28,032830,ok
2026-09-28,012450,ok
2026-09-28,034020,ok
2026-09-28,055550,ok
2026-09-28,329180,ok
2026-09-28,000270,ok
2026-09-28,006400,ok
2026-09-28,068270,ok
2026-09-28,034730,ok
2026-09-28,086790,ok
2026-09-28,012330,ok
2026-09-28,066570,ok
2026-09-28,010120,ok
2026-09-28,035420,ok
2026-09-28,000810,ok
2026-09-28,298040,ok
2026-09-28,316140,ok
2026-09-28,267260,ok
2026-09-28,005490,ok
2026-09-28,042660,ok
2026-09-28,009540,ok
2026-09-28,010130,ok
2026-09-28,096770,ok
2026-09-28,000150,ok
2026-09-28,042700,ok
2026-09-28,138040,ok
2026-09-28,015760,ok
2026-09-28,011200,ok
2026-09-28,017670,ok
2026-09-28,051910,ok
2026-09-28,010140,ok
2026-09-28,033780,ok
2026-09-28,018260,ok
2026-09-28,010950,ok
2026-09-28,006800,ok
2026-09-28,003550,ok
2026-09-28,267250,ok
2026-09-28,079550,ok
2026-09-28,024110,ok
2026-09-28,003670,ok
2026-09-28,086280,ok
2026-09-29,005930,incomplete
2026-09-29,000660,incomplete
2026-09-29,402340,incomplete
2026-09-29,009150,incomplete
2026-09-29,373220,incomplete
2026-09-29,005380,incomplete
2026-09-29,207940,incomplete
2026-09-29,105560,incomplete
2026-09-29,028260,incomplete
2026-09-29,032830,incomplete
2026-09-29,012450,incomplete
2026-09-29,034020,incomplete
2026-09-29,055550,incomplete
2026-09-29,329180,incomplete
2026-09-29,000270,incomplete
2026-09-29,006400,incomplete
2026-09-29,068270,incomplete
2026-09-29,034730,incomplete
2026-09-29,086790,incomplete
2026-09-29,012330,incomplete
2026-09-29,066570,incomplete
2026-09-29,010120,incomplete
2026-09-29,035420,incomplete
2026-09-29,000810,incomplete
2026-09-29,298040,incomplete
2026-09-29,316140,incomplete
2026-09-29,267260,incomplete
2026-09-29,005490,incomplete
2026-09-29,042660,incomplete
2026-09-29,009540,incomplete
2026-09-29,010130,incomplete
2026-09-29,096770,incomplete
2026-09-29,000150,incomplete
2026-09-29,042700,incomplete
2026-09-29,138040,incomplete
2026-09-29,015760,incomplete
2026-09-29,011200,incomplete
2026-09-29,017670,incomplete
2026-09-29,051910,incomplete
2026-09-29,010140,incomplete
2026-09-29,033780,incomplete
2026-09-29,018260,incomplete
2026-09-29,010950,incomplete
2026-09-29,006800,incomplete
2026-09-29,003550,incomplete
2026-09-29,267250,incomplete
2026-09-29,079550,incomplete
2026-09-29,024110,incomplete
2026-09-29,003670,incomplete
2026-09-29,086280,incomplete
